event_id,event_title,event_category,market_id,market_ticker,market_title,yes_price,no_price,volume,status,close_date,previous_day_price,previous_week_price,created_time,prev_week_change
,Will Elon Musk visit Mars in his lifetime?,World,f1a31d77-f7db-4a72-a5be-b92791aab1c2,,"Will Elon Musk visit Mars before Aug 1, 2099?",,,88986,active,2099-08-01T04:59:00Z,8.0,10.0,,
,Who will the next Pope be?,World,0f8946ef-4cc3-4e5e-b15d-4582c735639c,,Who will the next Pope be?,,,6530,active,2070-01-01T15:00:00Z,7.0,7.0,,
,Who will the next Pope be?,World,ae3aa6f5-f7d6-49cb-934c-81ad4eeb64d5,,Who will the next Pope be?,,,18300,active,2070-01-01T15:00:00Z,6.0,9.0,,
,Who will the next Pope be?,World,e834e672-783f-4ca7-a842-3113eaf0223a,,Who will the next Pope be?,,,5896,active,2070-01-01T15:00:00Z,6.0,5.0,,
,Who will the next Pope be?,World,ee6b9575-041f-4823-87be-6469eecd9bee,,Who will the next Pope be?,,,10516,active,2070-01-01T15:00:00Z,5.0,5.0,,
,Who will the next Pope be?,World,ed01601e-f872-47c8-87c1-00ba8f033ba7,,Who will the next Pope be?,,,7140,active,2070-01-01T15:00:00Z,8.0,7.0,,
,Who will the next Pope be?,World,4a39d894-652a-4cd5-96dd-c76a80506085,,Who will the next Pope be?,,,10458,active,2070-01-01T15:00:00Z,5.0,5.0,,
,Who will the next Pope be?,World,dc8b8b62-23e1-485d-843e-e8b254202a5f,,Who will the next Pope be?,,,5188,active,2070-01-01T15:00:00Z,6.0,5.0,,
,Will the world pass 2 degrees Celsius over pre-industrial levels before 2050?,Climate and Weather,f024d522-e659-47aa-8e72-9eb838402267,,Will the world pass 2 degrees Celsius over pre-industrial levels before 2050?,,,13276,active,2050-01-01T04:59:00Z,81.0,81.0,,
,Will a human land on Mars before California starts high-speed rail?,Science and Technology,95735234-18dc-4abd-85af-a564a3aa1d85,,Will a human land on Mars before California starts high-speed rail?,,,12286,active,2050-01-01T04:59:00Z,23.0,25.0,,
,Will a supervolcano erupt before 2050?,Climate and Weather,719d5043-81d6-4a6f-88bb-cfb324ff17e4,,When will a supervolcano next erupt?,,,24982,active,2050-01-01T04:59:00Z,13.0,18.0,,
,Will humans colonize Mars before 2050?,Science and Technology,ed6ac11f-b098-4419-bd30-7f3f8015d886,,Will humans colonize Mars before 2050?,,,21582,active,2050-01-01T04:59:00Z,16.0,17.0,,
,Will Zohran Mamdani become President of the United States before 2045?,Politics,18c9de0e-f42a-49cc-9a16-cc165c0393e2,,Will  become President of the United States before 2045?,,,29006,active,2045-01-29T15:00:00Z,7.0,5.0,,
,Who will be named as Xi Jinping's successor?,Politics,c83a3b3f-d2b1-4cb6-a264-7eab07d92ef0,,"Will Ding Xuexiang become the next leader of the Chinese Communist Party (CCP) before Jan 1, 2045?",,,2572,active,2045-01-01T04:59:00Z,29.0,24.0,,
,Who will be named as Xi Jinping's successor?,Politics,d0c29d35-b17d-4787-a181-d25fc8903e9d,,"Will Chen Jining become the next leader of the Chinese Communist Party (CCP) before Jan 1, 2045?",,,1394,active,2045-01-01T04:59:00Z,9.0,2.0,,
,Who will be named as Xi Jinping's successor?,Politics,570db798-2166-4736-a04e-d9c4873ee7b3,,"Will Li Qiang become the next leader of the Chinese Communist Party (CCP) before Jan 1, 2045?",,,1846,active,2045-01-01T04:59:00Z,21.0,13.0,,
,Who will be named as Xi Jinping's successor?,Politics,82b06ec4-b195-42b0-9a34-ca88b9bdee2b,,"Will Cai Qi become the next leader of the Chinese Communist Party (CCP) before Jan 1, 2045?",,,666,active,2045-01-01T04:59:00Z,9.0,8.0,,
,Who will be named as Xi Jinping's successor?,Politics,520fbf16-1e75-4aaa-a326-392869171096,,"Will Li Xi become the next leader of the Chinese Communist Party (CCP) before Jan 1, 2045?",,,446,active,2045-01-01T04:59:00Z,15.0,10.0,,
,Who will be named as Xi Jinping's successor?,Politics,92072def-753e-4971-bace-0f9def480e61,,"Will Yin Li become the next leader of the Chinese Communist Party (CCP) before Jan 1, 2045?",,,116,active,2045-01-01T04:59:00Z,6.0,1.0,,
,Who will be named as Xi Jinping's successor?,Politics,b18a8240-8551-4faf-8fc4-5977f8d42704,,"Will Li Ganjie become the next leader of the Chinese Communist Party (CCP) before Jan 1, 2045?",,,98,active,2045-01-01T04:59:00Z,5.0,1.0,,
,Who will be named as Xi Jinping's successor?,Politics,b81ecd00-0d02-402c-b8ab-041e54d312ca,,"Will Zhao Leji become the next leader of the Chinese Communist Party (CCP) before Jan 1, 2045?",,,808,active,2045-01-01T04:59:00Z,14.0,7.0,,
,Who will be named as Xi Jinping's successor?,Politics,e1568a4c-34cd-4ce6-a5aa-e0b1d6aba8eb,,"Will Wang Huning become the next leader of the Chinese Communist Party (CCP) before Jan 1, 2045?",,,50,active,2045-01-01T04:59:00Z,1.0,1.0,,
,Who will be named as Xi Jinping's successor?,Politics,231bceb6-b276-4221-b6aa-339092cd34a0,,"Will He Lifeng become the next leader of the Chinese Communist Party (CCP) before Jan 1, 2045?",,,130,active,2045-01-01T04:59:00Z,5.0,1.0,,
,Who will be named as Xi Jinping's successor?,Politics,3998a3b7-4edb-4807-89a9-1c3670952002,,"Will Ma Xingrui become the next leader of the Chinese Communist Party (CCP) before Jan 1, 2045?",,,46,active,2045-01-01T04:59:00Z,5.0,1.0,,
,Who will be named as Xi Jinping's successor?,Politics,3e6f6d02-df86-4eb5-a37f-32f8a38c3631,,"Will Chen Min'er become the next leader of the Chinese Communist Party (CCP) before Jan 1, 2045?",,,46,active,2045-01-01T04:59:00Z,5.0,1.0,,
,Who will be named as Xi Jinping's successor?,Politics,e146b21d-737a-4e58-9478-1fe20665a24c,,"Will Zhang Guoqing become the next leader of the Chinese Communist Party (CCP) before Jan 1, 2045?",,,158,active,2045-01-01T04:59:00Z,5.0,1.0,,
,Who will be named as Xi Jinping's successor?,Politics,a15c02fe-17a7-409c-8e98-cd3943859397,,"Will Yin Yong become the next leader of the Chinese Communist Party (CCP) before Jan 1, 2045?",,,106,active,2045-01-01T04:59:00Z,5.0,1.0,,
,Will Nick Fuentes become President of the United States before 2045?,Politics,c4567d9a-9abf-414d-aea8-53a88df4044f,,Will  become President of the United States before 2045?,,,64468,active,2045-01-08T15:00:00Z,15.0,19.0,,
,Who will be the next new Prime Minister of Israel?,Politics,7d330766-11f7-44be-8d43-181b5a49c0ac,,Will Naftali Bennett be the next Prime Minister of Israel?,,,16314,active,2045-01-01T15:00:00Z,41.0,45.0,,
,Who will be the next new Prime Minister of Israel?,Politics,3040eed3-5247-49b5-a5a5-b75d898a1432,,Will Yoav Gallant be the next Prime Minister of Israel?,,,1932,active,2045-01-01T15:00:00Z,11.0,81.0,,
,Who will be the next new Prime Minister of Israel?,Politics,4a1014b4-df4e-4871-b9fa-b661bdeee08f,,Will Yariv Levin be the next Prime Minister of Israel?,,,1548,active,2045-01-01T15:00:00Z,6.0,1.0,,
,Who will be the next new Prime Minister of Israel?,Politics,0a1cb555-e5d8-4de3-bae6-d17df27cb3e8,,Will Israel Katz be the next Prime Minister of Israel?,,,514,active,2045-01-01T15:00:00Z,5.0,1.0,,
,Who will be the next new Prime Minister of Israel?,Politics,f9fc7de1-0d35-48f3-b3c4-a9a606033b96,,Will Benny Gantz be the next Prime Minister of Israel?,,,942,active,2045-01-01T15:00:00Z,7.0,2.0,,
,Who will be the next new Prime Minister of Israel?,Politics,5bff7cf6-de50-4d81-b655-1ceb47e3c765,,Will Yair Lapid be the next Prime Minister of Israel?,,,3382,active,2045-01-01T15:00:00Z,5.0,11.0,,
,Who will be the next new Prime Minister of Israel?,Politics,5f519dd8-51f2-4340-9e0a-7e3761c29f33,,Will Gadi Eisenkot be the next Prime Minister of Israel?,,,854,active,2045-01-01T15:00:00Z,8.0,1.0,,
,Who will be the next new Prime Minister of Israel?,Politics,d292068c-6f80-4cbd-a59b-b64cf362ef16,,Will Yossi Cohen be the next Prime Minister of Israel?,,,1900,active,2045-01-01T15:00:00Z,3.0,3.0,,
,Who will be the next new Prime Minister of Israel?,Politics,d8f173c4-9284-447c-9d10-ee6d2a9e576c,,Will Avigdor Lieberman be the next Prime Minister of Israel?,,,354,active,2045-01-01T15:00:00Z,5.0,1.0,,
,Who will be the next new Prime Minister of Israel?,Politics,e6168605-2c03-48cb-a990-c046d432d6d3,,Will Yair Golan be the next Prime Minister of Israel?,,,1206,active,2045-01-01T15:00:00Z,1.0,1.0,,
,Who will be the next new Prime Minister of Israel?,Politics,2f995810-4550-44d2-87c7-2658a438ee15,,Will Itamar Ben-Gvir be the next Prime Minister of Israel?,,,1304,active,2045-01-01T15:00:00Z,2.0,5.0,,
,Who will be the next new Prime Minister of Israel?,Politics,e6cff452-0369-4811-a958-2285cc33dfe0,,Will Bezalel Smotrich be the next Prime Minister of Israel?,,,438,active,2045-01-01T15:00:00Z,5.0,3.0,,
,Who will be the next Supreme Leader of Iran?,Politics,c7d59cba-8582-434a-87a3-c66533287a34,,Will Mojtaba Khamenei be the next Supreme Leader of Iran?,,,10198,active,2045-01-01T15:00:00Z,21.0,24.0,,
,Who will be the next Supreme Leader of Iran?,Politics,37a85774-a203-41b2-95b2-264ebe41328b,,Will Hassan Khomeini be the next Supreme Leader of Iran?,,,6560,active,2045-01-01T15:00:00Z,16.0,15.0,,
,Who will be the next Supreme Leader of Iran?,Politics,6c8d0299-7e0f-4a40-8047-38bba3f48b65,,Will Alireza Arafi be the next Supreme Leader of Iran?,,,1438,active,2045-01-01T15:00:00Z,8.0,8.0,,
,Who will be the next Supreme Leader of Iran?,Politics,9577aab9-7e7e-402b-a915-f47903b6a591,,Will Ali Asghar Hejazi be the next Supreme Leader of Iran?,,,76,active,2045-01-01T15:00:00Z,4.0,,,
,Who will be the next Supreme Leader of Iran?,Politics,5282ccf6-7b7b-4bd4-946f-2845bd4f45f1,,Will Hashem Hosseini Bushehri be the next Supreme Leader of Iran?,,,1362,active,2045-01-01T15:00:00Z,3.0,1.0,,
,Who will be the next Supreme Leader of Iran?,Politics,0c8ba82a-21f1-4713-908d-fbeb3bd46419,,Will Ahmad Khatami be the next Supreme Leader of Iran?,,,824,active,2045-01-01T15:00:00Z,6.0,1.0,,
,Who will be the next Supreme Leader of Iran?,Politics,93fa43dd-809b-4874-9ca9-42169e3e8ba5,,Will Sadeq Amoli Larijani be the next Supreme Leader of Iran?,,,110,active,2045-01-01T15:00:00Z,4.0,5.0,,
,Who will be the next Supreme Leader of Iran?,Politics,9390d84a-ffd3-49db-a8da-10b4670130e1,,Will Gholam-Hossein Mohseni-Eje'i be the next Supreme Leader of Iran?,,,982,active,2045-01-01T15:00:00Z,4.0,3.0,,
,Who will be the next Supreme Leader of Iran?,Politics,99103524-dcec-416f-b03c-78eb309228b9,,Will Mohammad Mahdi Mirbagheri be the next Supreme Leader of Iran?,,,2134,active,2045-01-01T15:00:00Z,2.0,2.0,,
,Who will be the next Supreme Leader of Iran?,Politics,eda40e24-2a10-4b97-a743-b0796799c49f,,Will Mohsen Araki be the next Supreme Leader of Iran?,,,314,active,2045-01-01T15:00:00Z,4.0,4.0,,
,Who will be the next Supreme Leader of Iran?,Politics,65e61a05-603f-4dae-8563-a92816a50431,,Will Mohsen Qomi be the next Supreme Leader of Iran?,,,2108,active,2045-01-01T15:00:00Z,1.0,3.0,,
,Who will be the next Supreme Leader of Iran?,Politics,c9b81f81-63cf-410c-857b-9400a4a6b9d9,,Will Position abolished be the next Supreme Leader of Iran?,,,31028,active,2045-01-01T15:00:00Z,43.0,46.0,,
,Which G7 leader will leave next?,Politics,f51c92ae-0f2a-4c83-930c-2892ee46f1ca,,Will Prime Minister of Canada be the first to leave office?,,,3344,active,2045-01-01T15:00:00Z,1.0,2.0,,
,Which G7 leader will leave next?,Politics,eaa75ea2-76bf-4d71-80d4-6884c5639e37,,Will President of France be the first to leave office?,,,4642,active,2045-01-01T15:00:00Z,24.0,32.0,,
,Which G7 leader will leave next?,Politics,b8e30ca2-fc9a-48f3-a1a9-9865a424c9d3,,Will President of the United States be the first to leave office?,,,4378,active,2045-01-01T15:00:00Z,6.0,3.0,,
,Which G7 leader will leave next?,Politics,2c11eff2-03d8-45d9-b04e-e0f102226ae9,,Will Prime Minister of Italy be the first to leave office?,,,3236,active,2045-01-01T15:00:00Z,4.0,1.0,,
,Which G7 leader will leave next?,Politics,fe323d98-9931-4c8a-8b48-910ba0ffea54,,Will Chancellor of Germany be the first to leave office?,,,4116,active,2045-01-01T15:00:00Z,5.0,1.0,,
,Which G7 leader will leave next?,Politics,e3c84daa-06db-4bd4-b02f-8ebf4a038e76,,Will Prime Minister of Japan be the first to leave office?,,,5208,active,2045-01-01T15:00:00Z,3.0,9.0,,
,Which G7 leader will leave next?,Politics,489f904b-f25f-4359-b4e5-3965e992a2ba,,Will Prime Minister of the United Kingdom be the first to leave office?,,,16620,active,2045-01-01T15:00:00Z,65.0,59.0,,
,Will Ramp or Brex IPO first?,Financials,b7266e17-0ea3-4bcd-b0ca-c3d21a120fd7,,Will Ramp or Brex IPO first?,,,8762,active,2040-01-01T04:59:00Z,96.0,93.0,,
,Will Ramp or Brex IPO first?,Financials,15baf8d0-8683-4540-a895-e3f2ce244bcc,,Will Ramp or Brex IPO first?,,,13322,active,2040-01-01T04:59:00Z,1.0,11.0,,
,Will OpenAI or Anthropic IPO first?,Financials,0ef57ebb-e92c-47fc-a33a-a19cefd9b754,,Will OpenAI or Anthropic IPO first?,,,43056,active,2040-01-01T04:59:00Z,38.0,41.0,,
,Will OpenAI or Anthropic IPO first?,Financials,42864c5a-3370-4e62-a26a-77f712a84b88,,Will Open AI or Anthropic IPO first?,,,45406,active,2040-01-01T04:59:00Z,69.0,58.0,,
,When will nuclear fusion be achieved?,Science and Technology,4eee99b6-6462-48ea-9ce2-22125a22c419,,When will nuclear fusion be achieved?,,,26852,active,2030-01-01T04:59:00Z,47.0,48.0,,
,When will nuclear fusion be achieved?,Science and Technology,b8a490ce-44d4-4311-9ab8-697db57039f9,,When will nuclear fusion be achieved?,,,5718,active,2035-01-01T04:59:00Z,46.0,48.0,,
,When will nuclear fusion be achieved?,Science and Technology,29a31b08-d255-415a-99c7-b82937e31a68,,When will nuclear fusion be achieved?,,,10588,active,2040-01-01T04:59:00Z,53.0,53.0,,
,Will Deel or Rippling IPO first?,Financials,2be28d86-537f-4a8e-9b75-a3e8ed01f483,,Will Deel or Rippling IPO first?,,,5082,active,2040-01-01T04:59:00Z,76.0,82.0,,
,Will Deel or Rippling IPO first?,Financials,44b9f4fe-881e-43fb-9737-4211cacfbd89,,Will Deel or Rippling IPO first?,,,2872,active,2040-01-01T04:59:00Z,24.0,22.0,,
,Will any U.S. state experience a population decrease of at least 10% between 2025 and 2035?,Social,7ac9b5f6-4abd-4b4e-b29f-4ed98883cada,,Will  experience a population decrease of at least 10% between 2025 and 2035?,,,1054,active,2036-12-30T15:00:00Z,11.0,12.0,,
,Will there be an at least 8.0 magnitude earthquake in California before 2035?,Climate and Weather,642cd9af-9f53-424e-9a33-3089835c6ac0,,Will there be an at least 8.0 magnitude earthquake in California before 2035?,,,35258,active,2035-12-31T04:59:00Z,25.0,20.0,,
,Will a humanoid robot walk on Mars before a human does?,Science and Technology,5bd400aa-6dd2-4a0c-826a-3ce57fbd1d65,,Will a humanoid robot walk on Mars before a human does?,,,65752,active,2035-01-01T15:00:00Z,48.0,45.0,,
,Who will perform the next James Bond theme?,Entertainment,310e191a-5d88-4714-84a3-7548ba7b93e7,,Who will perform the next James Bond Song?,,,12654,active,2035-01-01T15:00:00Z,34.0,33.0,,
,Who will perform the next James Bond theme?,Entertainment,52593e11-ba63-4989-b443-77b1512377c5,,Who will perform the next James Bond Song?,,,5672,active,2035-01-01T15:00:00Z,17.0,27.0,,
,Who will perform the next James Bond theme?,Entertainment,187ce3c5-ad21-4af6-922d-e54df854c2b6,,Who will perform the next James Bond Song?,,,720,active,2035-01-01T15:00:00Z,2.0,2.0,,
,Who will perform the next James Bond theme?,Entertainment,fdc5236b-20f5-468c-a4cd-4292ea08b04e,,Who will perform the next James Bond Song?,,,120,active,2035-01-01T15:00:00Z,1.0,1.0,,
,Who will perform the next James Bond theme?,Entertainment,a1574da9-7f72-4219-97bc-b9549f34f85f,,Who will perform the next James Bond Song?,,,1276,active,2035-01-01T15:00:00Z,2.0,4.0,,
,Who will perform the next James Bond theme?,Entertainment,635dcabc-737a-4df6-b4ff-6b07fda3796c,,Who will perform the next James Bond Song?,,,238,active,2035-01-01T15:00:00Z,7.0,7.0,,
,Who will perform the next James Bond theme?,Entertainment,092dd7d9-58cb-4228-a3d3-7cb53e0c58ff,,Who will perform the next James Bond Song?,,,400,active,2035-01-01T15:00:00Z,5.0,,,
,Who will perform the next James Bond theme?,Entertainment,fa548e74-60ab-4d8f-90ef-1f08b61a9cb6,,Who will perform the next James Bond Song?,,,152,active,2035-01-01T15:00:00Z,6.0,6.0,,
,Who will perform the next James Bond theme?,Entertainment,d3b2db9f-4cfa-431c-b1df-32345f2f52d5,,Who will perform the next James Bond Song?,,,454,active,2035-01-01T15:00:00Z,9.0,9.0,,
,Who will perform the next James Bond theme?,Entertainment,a30dd09d-8dcf-4e6a-a50e-a1b4d1e29189,,Who will perform the next James Bond Song?,,,314,active,2035-01-01T15:00:00Z,8.0,8.0,,
,Who will perform the next James Bond theme?,Entertainment,cbd478c2-19a9-4b66-b2e9-46a01750e93d,,Who will perform the next James Bond Song?,,,54,active,2035-01-01T15:00:00Z,3.0,3.0,,
,Who will perform the next James Bond theme?,Entertainment,fb7db5f2-0cfb-40ec-bcfc-4871d3150122,,Who will perform the next James Bond Song?,,,38,active,2035-01-01T15:00:00Z,4.0,4.0,,
,Who will perform the next James Bond theme?,Entertainment,34b7c40b-86d6-4c94-a431-e18a4c0bfb66,,Who will perform the next James Bond Song?,,,102,active,2035-01-01T15:00:00Z,4.0,4.0,,
,Who will perform the next James Bond theme?,Entertainment,19e5d30c-4c00-4136-82f4-83d6d45ab7a0,,Who will perform the next James Bond Song?,,,28,active,2035-01-01T15:00:00Z,4.0,4.0,,
,Who will perform the next James Bond theme?,Entertainment,ac0fd979-8e92-45f8-b4d6-db9957fcf571,,Who will perform the next James Bond Song?,,,32,active,2035-01-01T15:00:00Z,5.0,5.0,,
,Who will perform the next James Bond theme?,Entertainment,0c8d4965-71e3-459f-aa8f-ec1dddb2c71b,,Who will perform the next James Bond Song?,,,648,active,2035-01-01T15:00:00Z,1.0,1.0,,
,Who will perform the next James Bond theme?,Entertainment,e9785ee3-4d2e-4305-b3c6-e99d79920729,,Who will perform the next James Bond Song?,,,266,active,2035-01-01T15:00:00Z,6.0,6.0,,
,Who will perform the next James Bond theme?,Entertainment,64498110-98e3-4fe4-90a6-25e0c2fb9a31,,Who will perform the next James Bond Song?,,,548,active,2035-01-01T15:00:00Z,8.0,6.0,,
,Who will perform the next James Bond theme?,Entertainment,4aaccadd-7c51-476f-8bf0-72665b374cdf,,Who will perform the next James Bond Song?,,,166,active,2035-01-01T15:00:00Z,5.0,5.0,,
,Who will perform the next James Bond theme?,Entertainment,60d3c939-56d3-493a-893b-edcced6749f0,,Who will perform the next James Bond Song?,,,260,active,2035-01-01T15:00:00Z,22.0,22.0,,
,Who will perform the next James Bond theme?,Entertainment,ce708609-2b2d-4e26-98e8-179eaa6feb58,,Who will perform the next James Bond Song?,,,4402,active,2035-01-01T15:00:00Z,24.0,19.0,,
,Who will the next Pope be?,World,b015d479-2d82-4054-b26d-973789f61bcc,,Who will the next Pope be?,,,8044,active,2035-01-01T15:00:00Z,16.0,11.0,,
,Who will the next Pope be?,World,48a9cedb-da72-4d8a-aef6-fde211695490,,Who will the next Pope be?,,,2998,active,2035-01-01T15:00:00Z,5.0,1.0,,
,Who will the next Pope be?,World,c2f8d79d-58ec-44d9-82d8-fa614478c8cc,,Who will the next Pope be?,,,1928,active,2035-01-01T15:00:00Z,13.0,6.0,,
,Who will the next Pope be?,World,adce091a-ef21-4f65-875d-b67ef441cbbe,,Who will the next Pope be?,,,2382,active,2035-01-01T15:00:00Z,4.0,1.0,,
,Who will the next Pope be?,World,e44ed793-c7ce-4be0-b153-d40888a516ad,,Who will the next Pope be?,,,1252,active,2035-01-01T15:00:00Z,4.0,1.0,,
,Will Johnny Depp be cast in the next Pirates of the Caribbean?,Entertainment,33021d16-782c-4fe1-bb1e-884e2f4102cf,,Will Johnny Depp be casted in the next Pirates of the Caribbean?,,,26160,active,2035-01-01T15:00:00Z,51.0,51.0,,
,Will Andrew Tate's party win a seat in the next UK election?,Elections,26a57b13-200d-4ce7-921a-254dde1e3eb6,,"Will Britain Restoring Underlying Values (""BRUV"") win a seat in the next U.K. general election?",,,30738,active,2035-01-01T15:00:00Z,4.0,1.0,,
,Which of these African leaders will leave office next?,Politics,8065b8c6-ae14-479b-8927-0056cdd3c8be,,Will William Ruto leave office next in this set?,,,712,active,2035-01-01T15:00:00Z,10.0,10.0,,
,Which of these African leaders will leave office next?,Politics,c086973e-bace-44ad-be74-aa67c1be977b,,Will Cyril Ramaphosa leave office next in this set?,,,556,active,2035-01-01T15:00:00Z,8.0,8.0,,
,Which of these African leaders will leave office next?,Politics,3da44247-673e-4cc9-b1aa-9872f82e2fbf,,Will Abdel Fattah el-Sisi leave office next in this set?,,,44,active,2035-01-01T15:00:00Z,2.0,2.0,,
,Which of these African leaders will leave office next?,Politics,3becf2c6-b8a0-4354-80aa-ab1fba0f3b5b,,Will Paul Kagame leave office next in this set?,,,240,active,2035-01-01T15:00:00Z,5.0,1.0,,
,Which of these African leaders will leave office next?,Politics,3203dbd6-fe75-448a-a877-cb88fae96609,,Will Taye Atske Selassie leave office next in this set?,,,98,active,2035-01-01T15:00:00Z,5.0,5.0,,
,Which of these African leaders will leave office next?,Politics,7a59e9ff-746f-4b57-be06-f39bc244d982,,Will Bola Tinubu leave office next in this set?,,,434,active,2035-01-01T15:00:00Z,32.0,32.0,,
,Which of these African leaders will leave office next?,Politics,28f765f5-093b-4836-8246-6f043c8ffdaf,,Will Félix Tshisekedi leave office next in this set?,,,7036,active,2035-01-01T15:00:00Z,18.0,15.0,,
,Which of these African leaders will leave office next?,Politics,331f9b37-1f25-4404-ae6a-dbbeea14504a,,Will Emmerson Mnangagwa leave office next in this set?,,,1022,active,2035-01-01T15:00:00Z,17.0,17.0,,
,Which of these African leaders will leave office next?,Politics,7f8864e5-d765-4de8-bc73-eb4b82dae6ae,,Will John Mahama leave office next in this set?,,,56,active,2035-01-01T15:00:00Z,8.0,8.0,,
,Which of these African leaders will leave office next?,Politics,ebf92667-9cd6-4fa1-95f5-49c10be3a34e,,Will Abdelmadjid Tebboune leave office next in this set?,,,50,active,2035-01-01T15:00:00Z,8.0,8.0,,
,Who will be cast in the next Miami Vice?,Entertainment,6927c453-c042-4a37-994d-6a9e4cd920c7,,Will Ryan Gosling be casted in the next Miami Vice?,,,2518,active,2035-01-01T15:00:00Z,23.0,23.0,,
,Who will be cast in the next Miami Vice?,Entertainment,0b6f9c9d-b2db-4633-927c-97c7a9e67df7,,Will Oscar Isaac be casted in the next Miami Vice?,,,22,active,2035-01-01T15:00:00Z,11.0,11.0,,
,Who will be cast in the next Miami Vice?,Entertainment,32ffd547-e989-4fd1-96fd-2ac9e129261e,,Will Jake Gyllenhaal be casted in the next Miami Vice?,,,110,active,2035-01-01T15:00:00Z,11.0,11.0,,
,Who will be cast in the next Miami Vice?,Entertainment,f35929e6-bf5c-4036-ae39-6b1db6f61a33,,Will Pedro Pascal be casted in the next Miami Vice?,,,992,active,2035-01-01T15:00:00Z,15.0,15.0,,
,Who will be cast in the next Miami Vice?,Entertainment,c71b5009-1daf-4d8d-b86e-68ddd24e7162,,Will Miles Teller be casted in the next Miami Vice?,,,16,active,2035-01-01T15:00:00Z,11.0,11.0,,
,Who will be cast in the next Miami Vice?,Entertainment,04a5bfbd-4591-4228-979d-b75fb54a1e14,,Will Glen Powell be casted in the next Miami Vice?,,,6604,active,2035-01-01T15:00:00Z,37.0,38.0,,
,Who will be cast in the next Miami Vice?,Entertainment,c2c09424-e749-43fc-b0a9-8a7b2d2d8e1e,,Will Taylor Kitsch be casted in the next Miami Vice?,,,460,active,2035-01-01T15:00:00Z,1.0,1.0,,
,Who will be cast in the next Miami Vice?,Entertainment,8edbe38f-4fa3-47fa-a11f-c76e131cac1b,,Will Tom Hardy be casted in the next Miami Vice?,,,640,active,2035-01-01T15:00:00Z,12.0,1.0,,
,Who will be cast in the next Miami Vice?,Entertainment,e30ce95f-82bb-408f-a7c3-b5768d82003c,,Will Richard Madden be casted in the next Miami Vice?,,,100,active,2035-01-01T15:00:00Z,11.0,,,
,Who will be cast in the next Miami Vice?,Entertainment,95f0fa45-163f-4466-9cc5-77b9e5c32a71,,Will Garrett Hedlund be casted in the next Miami Vice?,,,0,active,2035-01-01T15:00:00Z,,,,
,Will the FDA approve a cure for Type 1 diabetes before 2033?,Health,fd32d5c5-3692-43a7-9e3f-5baa7cd4e99f,,Will the FDA approve a cure for Type 1 Diabetes before 2033?,,,10482,active,2033-01-01T04:59:00Z,34.0,41.0,,
,EU meets its 2030 climate goals?,Climate and Weather,c2e6a253-73f7-47d6-a6c4-125ce1208f3c,,Will the EU meet its climate goals?,,,4912,active,2032-12-31T15:00:00Z,45.0,53.0,,
,India meets its 2030 climate goals?,Climate and Weather,79b94253-207f-4131-8122-a12d7c800401,,Will India meet its climate goals?,,,11320,active,2031-12-31T15:00:00Z,78.0,74.0,,
,Who will be the next Speaker of the House?,Politics,854364cc-0bcb-4c6a-8f17-a1d31b33edea,,Will Hakeem Jeffries be the next Speaker of the House?,,,13268,active,2031-01-01T15:00:00Z,78.0,76.0,,
,Who will be the next Speaker of the House?,Politics,57ee6152-b3a8-49d7-a9bb-bf50e3d7e84c,,Will Jim Jordan be the next Speaker of the House?,,,1430,active,2031-01-01T15:00:00Z,14.0,14.0,,
,Who will be the next Speaker of the House?,Politics,9f5279d9-2b7e-41c0-8032-f25df04f90c9,,Will Steve Scalise be the next Speaker of the House?,,,772,active,2031-01-01T15:00:00Z,17.0,17.0,,
,Which country will be the next to send humans to the Moon?,Science and Technology,5ffcb502-4fdb-4e2d-9ff3-7565024e73b0,,Which country will be the next to send humans to the Moon?,,,92852,active,2031-01-01T15:00:00Z,60.0,74.0,,
,Which country will be the next to send humans to the Moon?,Science and Technology,cf535945-b75f-498c-95f9-b307ec258b8a,,Which country will be the next to send humans to the Moon?,,,7072,active,2031-01-01T15:00:00Z,7.0,2.0,,
,Which country will be the next to send humans to the Moon?,Science and Technology,fc4a4241-03fa-4efe-9b0c-6b2dc1d9fbb1,,Which country will be the next to send humans to the Moon?,,,5642,active,2031-01-01T15:00:00Z,6.0,5.0,,
,Which country will be the next to send humans to the Moon?,Science and Technology,37aa3c82-27b5-4a38-b967-60c9bffba0cb,,Which country will be the next to send humans to the Moon?,,,52438,active,2031-01-01T15:00:00Z,29.0,30.0,,
,Which country will be the next to send humans to the Moon?,Science and Technology,79249ba5-225a-41a8-bfbd-ca57042e2d80,,Which country will be the next to send humans to the Moon?,,,4814,active,2031-01-01T15:00:00Z,5.0,5.0,,
,US meets its climate goals?,Climate and Weather,8bbfd927-4434-45d3-8b0d-07e7b74ba9b3,,Will the US meet its climate goals?,,,78378,active,2030-12-31T15:00:00Z,4.0,2.0,,
,US meets its climate goals?,Climate and Weather,75dd3773-0ab8-43de-ab9b-91a405371543,,Will the US meet its climate goals?,,,9878,active,2035-12-31T15:00:00Z,24.0,15.0,,
,"When will ""The Last of Us"" Season 3 be released?",Entertainment,40a4c9fa-d637-4bca-aa5e-24078d8e817e,,"When will ""The Last of Us"" Season 3 be released?",,,4748,active,2026-04-01T14:00:00Z,2.0,2.0,,
,"When will ""The Last of Us"" Season 3 be released?",Entertainment,5c9a96d9-d5c5-44b8-b23c-e23d8fb114e7,,"When will ""The Last of Us"" Season 3 be released?",,,1802,active,2026-07-01T14:00:00Z,7.0,4.0,,
,"When will ""The Last of Us"" Season 3 be released?",Entertainment,fbc048db-917f-4d12-862c-e3b7fadcaec6,,"When will ""The Last of Us"" Season 3 be released?",,,2492,active,2026-10-01T14:00:00Z,8.0,8.0,,
,"When will ""The Last of Us"" Season 3 be released?",Entertainment,326c8b96-7a32-4444-b805-b958ddc54c28,,"When will ""The Last of Us"" Season 3 be released?",,,1256,active,2027-01-01T15:00:00Z,15.0,15.0,,
,"When will ""The Last of Us"" Season 3 be released?",Entertainment,0ff67e7e-c0f6-4efa-8791-5f3852c90954,,"When will ""The Last of Us"" Season 3 be released?",,,2772,active,2027-04-01T14:00:00Z,26.0,33.0,,
,"When will ""The Last of Us"" Season 3 be released?",Entertainment,74ca30b1-4e91-44d5-a236-b70e03f2c651,,"When will ""The Last of Us"" Season 3 be released?",,,7866,active,2027-07-01T14:00:00Z,50.0,51.0,,
,"When will ""The Last of Us"" Season 3 be released?",Entertainment,0f2e1d5d-772d-47d1-8f2b-6b48efa847a3,,"When will ""The Last of Us"" Season 3 be released?",,,430,active,2028-01-01T15:00:00Z,82.0,81.0,,
,What will be the largest source of global primary energy consumption in 2030?,Climate and Weather,6ffd842b-0e94-4e89-8a26-0aaeb6daee84,,What will be the largest source of global primary energy consumption in 2030?,,,1826,active,2032-12-30T15:00:00Z,2.0,1.0,,
,What will be the largest source of global primary energy consumption in 2030?,Climate and Weather,b85df144-2d80-41f0-a52c-2d48bdb07296,,What will be the largest source of global primary energy consumption in 2030?,,,50924,active,2032-12-30T15:00:00Z,44.0,37.0,,
,What will be the largest source of global primary energy consumption in 2030?,Climate and Weather,f27da367-91bb-4990-8636-6c2a30a594c3,,What will be the largest source of global primary energy consumption in 2030?,,,3748,active,2032-12-30T15:00:00Z,33.0,33.0,,
,What will be the largest source of global primary energy consumption in 2030?,Climate and Weather,a7e2dce1-1d38-4d17-a539-b279ef000c34,,What will be the largest source of global primary energy consumption in 2030?,,,2872,active,2032-12-30T15:00:00Z,20.0,20.0,,
,What will be the largest source of global primary energy consumption in 2030?,Climate and Weather,30e3758f-9d60-4772-a74d-9b032b1168d8,,What will be the largest source of global primary energy consumption in 2030?,,,15020,active,2032-12-30T15:00:00Z,10.0,10.0,,
,What will be the largest source of global primary energy consumption in 2030?,Climate and Weather,875943e0-5024-4249-9ae1-52a0abc79fa9,,What will be the largest source of global primary energy consumption in 2030?,,,5572,active,2032-12-30T15:00:00Z,5.0,4.0,,
,What will be the largest source of global primary energy consumption in 2030?,Climate and Weather,3a22dc71-5496-4487-94e8-481f29c9a63d,,What will be the largest source of global primary energy consumption in 2030?,,,6846,active,2032-12-30T15:00:00Z,3.0,4.0,,
,What will be the largest source of global primary energy consumption in 2030?,Climate and Weather,f882ff9d-1831-414c-afd9-29545a773868,,What will be the largest source of global primary energy consumption in 2030?,,,25350,active,2032-12-30T15:00:00Z,7.0,8.0,,
,What will be the largest source of global primary energy consumption in 2030?,Climate and Weather,e76f8a34-9fb2-42d9-9bed-7912a8442404,,What will be the largest source of global primary energy consumption in 2030?,,,3850,active,2032-12-30T15:00:00Z,1.0,1.0,,
,What will be the largest source of global primary energy consumption in 2030?,Climate and Weather,23816cba-1d62-4f61-af07-251532cfb57a,,What will be the largest source of global primary energy consumption in 2030?,,,3374,active,2032-12-30T15:00:00Z,2.0,1.0,,
,Will Tom Cruise be cast in another Film With Ana de Armas?,Entertainment,4f3d4949-8d18-426c-b6cc-72b555dc4e1e,,Will Tom Cruise be cast in a Film With Ana de Armas?,,,716,active,2030-12-31T15:00:00Z,38.0,44.0,,
,Will Glen Powell be cast in the next Indiana Jones movie?,Entertainment,b4d3d723-550e-4c2c-9281-8811769963ab,,Will Glen Powell be cast in the next Indiana Jones movie?,,,1956,active,2030-10-01T14:00:00Z,25.0,25.0,,
,Canadian team wins the Stanley Cup® before the 2031 season?,Sports,af4eca16-6fa0-48b8-9655-0a2ec7a95967,,Will a Canadian team win the pro hockey championship by the end of the 2030 season?,,,2978,active,2030-06-30T03:59:00Z,63.0,52.0,,
,Who will Time name as Person of the Decade?,Politics,fac6c4a6-5dc0-427f-803e-8263bac79c0e,,Who will Time name as Person of the Decade?,,,9290,active,2030-01-31T15:00:00Z,15.0,12.0,,
,Who will Time name as Person of the Decade?,Politics,f97df8e1-ae8b-4c53-af85-a2ff86a2e621,,Who will Time name as Person of the Decade?,,,24014,active,2030-01-31T15:00:00Z,30.0,35.0,,
,Who will Time name as Person of the Decade?,Politics,d9fb9fcf-8cd3-4c4d-87e8-2df4bb69cdbb,,Who will Time name as Person of the Decade?,,,4266,active,2030-01-31T15:00:00Z,8.0,8.0,,
,Who will Time name as Person of the Decade?,Politics,0f641063-2ff4-4230-96ef-4ba481ceb5aa,,Who will Time name as Person of the Decade?,,,2104,active,2030-01-31T15:00:00Z,6.0,6.0,,
,Who will Time name as Person of the Decade?,Politics,5aabdd48-1825-447a-9204-e119d5447ce7,,Who will Time name as Person of the Decade?,,,2322,active,2030-01-31T15:00:00Z,7.0,11.0,,
,Who will Time name as Person of the Decade?,Politics,431e2800-4fb3-4419-aa98-04cfe4bfb977,,Who will Time name as Person of the Decade?,,,6200,active,2030-01-31T15:00:00Z,17.0,8.0,,
,EV market share in 2030?,Climate and Weather,cb247d5c-2d7c-489a-ac49-f36a4b5ab7c8,,EV market share in 2030?,,,2246,active,2030-05-01T15:00:00Z,95.0,94.0,,
,EV market share in 2030?,Climate and Weather,48c8c85f-3219-45e3-95e3-8fed9b0cdc95,,EV market share in 2030?,,,11624,active,2030-05-01T15:00:00Z,66.0,67.0,,
,EV market share in 2030?,Climate and Weather,92fb2641-61bc-4dc0-8f3a-35f440ab149c,,EV market share in 2030?,,,15074,active,2030-05-01T15:00:00Z,46.0,54.0,,
,EV market share in 2030?,Climate and Weather,f3ff72ec-ae93-4a73-a83a-1926913b944f,,EV market share in 2030?,,,12870,active,2030-05-01T15:00:00Z,28.0,25.0,,
,How high will unemployment get before 2030?,Economics,c1923035-b4f9-4610-b0cd-d0eafd2ed6ea,,How high will unemployment get before 2030?,,,1146,active,2030-01-04T13:25:00Z,95.0,94.0,,
,How high will unemployment get before 2030?,Economics,afb05465-61b6-4fe2-ba8c-5e755c58c158,,How high will unemployment get before 2030?,,,936,active,2030-01-04T13:25:00Z,87.0,87.0,,
,How high will unemployment get before 2030?,Economics,250fb120-86f8-4c81-a6d6-833af87ad588,,How high will unemployment get before 2030?,,,618,active,2030-01-04T13:25:00Z,74.0,74.0,,
,How high will unemployment get before 2030?,Economics,e3c87c04-8586-4182-bc8a-c77a7c002eb8,,How high will unemployment get before 2030?,,,1220,active,2030-01-04T13:25:00Z,60.0,60.0,,
,How high will unemployment get before 2030?,Economics,d57815aa-9995-4e95-9509-8efb77324f88,,How high will unemployment get before 2030?,,,4742,active,2030-01-04T13:25:00Z,43.0,51.0,,
,How high will unemployment get before 2030?,Economics,89620bef-5022-4283-9b20-f0d7de7efa4a,,How high will unemployment get before 2030?,,,4834,active,2030-01-04T13:25:00Z,40.0,40.0,,
,How high will unemployment get before 2030?,Economics,97c2d2f8-7618-403f-91f1-2de969c0d346,,How high will unemployment get before 2030?,,,742,active,2030-01-04T13:25:00Z,29.0,29.0,,
,How high will unemployment get before 2030?,Economics,60483e80-ba50-4af1-8dff-c7cd09f12596,,How high will unemployment get before 2030?,,,658,active,2030-01-04T13:25:00Z,23.0,23.0,,
,How high will unemployment get before 2030?,Economics,52c88a79-e0f7-43e5-90f9-d4ec754dfcc9,,How high will unemployment get before 2030?,,,520,active,2030-01-04T13:25:00Z,13.0,20.0,,
,How high will unemployment get before 2030?,Economics,1de85dc6-b018-4be9-9dd0-15bf04e44311,,How high will unemployment get before 2030?,,,598,active,2030-01-04T13:25:00Z,10.0,16.0,,
,Who will play Britney Spears in the Jon M. Chu–directed biopic?,Entertainment,cb1b0c43-4441-4895-9b7c-6a080c27324c,,Will Margot Robbie perform as Britney Spears in Britney Spears Biopic directed by Jon M. Chu?,,,150,active,2031-01-01T15:00:00Z,10.0,10.0,,
,Who will play Britney Spears in the Jon M. Chu–directed biopic?,Entertainment,0a2dac63-259d-40b2-8c76-9e55f1edc97a,,Will Addison Rae perform as Britney Spears in Britney Spears Biopic directed by Jon M. Chu?,,,0,active,2031-01-01T15:00:00Z,,,,
,Who will play Britney Spears in the Jon M. Chu–directed biopic?,Entertainment,458f3100-115e-4258-98f8-520431f717f7,,Will Millie Bobby Brown perform as Britney Spears in Britney Spears Biopic directed by Jon M. Chu?,,,70,active,2031-01-01T15:00:00Z,10.0,10.0,,
,Who will play Britney Spears in the Jon M. Chu–directed biopic?,Entertainment,66dbb93a-b793-48eb-9249-74b5d3b2f793,,Will Olivia Holt perform as Britney Spears in Britney Spears Biopic directed by Jon M. Chu?,,,610,active,2031-01-01T15:00:00Z,19.0,18.0,,
,Who will play Britney Spears in the Jon M. Chu–directed biopic?,Entertainment,b2f63e79-08ff-46c4-94be-54343c3b0784,,Will Emma Roberts perform as Britney Spears in Britney Spears Biopic directed by Jon M. Chu?,,,228,active,2031-01-01T15:00:00Z,14.0,14.0,,
,Who will play Britney Spears in the Jon M. Chu–directed biopic?,Entertainment,6731479b-2e27-4566-9aa5-827668c236a3,,Will Florence Pugh perform as Britney Spears in Britney Spears Biopic directed by Jon M. Chu?,,,222,active,2031-01-01T15:00:00Z,9.0,,,
,Who will play Britney Spears in the Jon M. Chu–directed biopic?,Entertainment,8f9817df-233b-48f4-a87f-293360754364,,Will Sydney Sweeney perform as Britney Spears in Britney Spears Biopic directed by Jon M. Chu?,,,124,active,2031-01-01T15:00:00Z,9.0,9.0,,
,Who will play Britney Spears in the Jon M. Chu–directed biopic?,Entertainment,cbd6443e-a024-43ef-a306-f0d7ce90f865,,Will Sabrina Carpenter perform as Britney Spears in Britney Spears Biopic directed by Jon M. Chu?,,,332,active,2031-01-01T15:00:00Z,16.0,16.0,,
,Who will play Britney Spears in the Jon M. Chu–directed biopic?,Entertainment,03624964-8986-45d7-b4cf-ebbf3b85a049,,Will Chloë Grace Moretz perform as Britney Spears in Britney Spears Biopic directed by Jon M. Chu?,,,0,active,2031-01-01T15:00:00Z,,,,
,Who will play Britney Spears in the Jon M. Chu–directed biopic?,Entertainment,0e682eb3-3bf2-447f-9338-61d0edd8f6f0,,Will Anya Taylor-Joy perform as Britney Spears in Britney Spears Biopic directed by Jon M. Chu?,,,0,active,2031-01-01T15:00:00Z,,,,
,Who will be the next James Bond villain?,Entertainment,ea243a92-6bd8-4c00-b878-722bbae2d7f8,,Will Peter Dinklage perform as Villain in the next James Bond film?,,,702,active,2031-01-01T15:00:00Z,21.0,22.0,,
,Who will be the next James Bond villain?,Entertainment,00268ae0-5a1f-45c9-bff7-1014ba3695f4,,Will Rosamund Pike perform as Villain in the next James Bond film?,,,22,active,2031-01-01T15:00:00Z,18.0,,,
,Who will be the next James Bond villain?,Entertainment,8af276e8-df08-425b-845b-5fd194eea841,,Will Idris Elba perform as Villain in the next James Bond film?,,,16,active,2031-01-01T15:00:00Z,23.0,23.0,,
,Who will be the next James Bond villain?,Entertainment,d8a26861-7219-429d-9317-bb193f761f56,,Will Barry Keoghan perform as Villain in the next James Bond film?,,,0,active,2031-01-01T15:00:00Z,,,,
,Who will be the next James Bond villain?,Entertainment,9393e789-23ae-40e2-b946-c9b27c524904,,Will Cillian Murphy perform as Villain in the next James Bond film?,,,194,active,2031-01-01T15:00:00Z,30.0,28.0,,
,Who will be the next James Bond villain?,Entertainment,48a4091f-187b-480b-8747-4978761bdfb3,,Will Oscar Isaac perform as Villain in the next James Bond film?,,,0,active,2031-01-01T15:00:00Z,,,,
,Who will be the next James Bond villain?,Entertainment,528e61b4-7b79-48d0-8dc1-9f35a64f24e9,,Will Adam Driver perform as Villain in the next James Bond film?,,,62,active,2031-01-01T15:00:00Z,15.0,15.0,,
,Who will play Q in the next James Bond?,Entertainment,a323a207-9f95-4df4-b370-41747fc2bbe9,,Will Ben Whishaw perform as Q in the next James Bond film?,,,0,active,2031-01-01T15:00:00Z,,,,
,Who will play Q in the next James Bond?,Entertainment,f68205e5-26e7-4ca6-bb0d-7e219118e02d,,Will Dev Patel perform as Q in the next James Bond film?,,,0,active,2031-01-01T15:00:00Z,,,,
,Who will play Q in the next James Bond?,Entertainment,75b86c6c-bb68-4a15-80db-b3cacb17b572,,Will Richard Ayoade perform as Q in the next James Bond film?,,,100,active,2031-01-01T15:00:00Z,20.0,,,
,Who will play Q in the next James Bond?,Entertainment,2a5b7d25-2491-4ba9-a995-dbdf819fcf85,,Will Andrew Scott perform as Q in the next James Bond film?,,,0,active,2031-01-01T15:00:00Z,,,,
,Who will play Q in the next James Bond?,Entertainment,ed8db330-46aa-457c-ba15-3f8eb4622c36,,Will Tom Holland perform as Q in the next James Bond film?,,,0,active,2031-01-01T15:00:00Z,,,,
,Who will play Moneypenny in the next James Bond?,Entertainment,fa54755e-fdd2-4292-8824-18868b2ad63b,,Will Naomie Harris perform as Moneypenny in the next James Bond film?,,,0,active,2031-01-01T15:00:00Z,,,,
,Who will play Moneypenny in the next James Bond?,Entertainment,e9ad6ba9-5cc1-4351-b4ac-6a0e34fb34da,,Will Juno Temple perform as Moneypenny in the next James Bond film?,,,0,active,2031-01-01T15:00:00Z,,,,
,Who will play Moneypenny in the next James Bond?,Entertainment,afcedac4-5955-4d1b-9140-c254e67e49b8,,Will Jodie Turner-Smith perform as Moneypenny in the next James Bond film?,,,312,active,2031-01-01T15:00:00Z,16.0,,,
,Who will play Moneypenny in the next James Bond?,Entertainment,9c803f55-6f77-429c-b3ba-86792b8f8224,,Will Alison Oliver perform as Moneypenny in the next James Bond film?,,,156,active,2031-01-01T15:00:00Z,16.0,16.0,,
,Who will play Moneypenny in the next James Bond?,Entertainment,8aac27ee-ccc5-4f3d-aa1a-183d3e86d267,,Will Meg Bellamy perform as Moneypenny in the next James Bond film?,,,0,active,2031-01-01T15:00:00Z,,,,
,Who will play Moneypenny in the next James Bond?,Entertainment,eed666e9-9dd1-4e60-a0f8-7e2c0a88b8be,,Will Jodie Comer perform as Moneypenny in the next James Bond film?,,,0,active,2031-01-01T15:00:00Z,,,,
,Who will play Moneypenny in the next James Bond?,Entertainment,1281c40a-9b4e-4826-a5c7-d3d7aa6c7d52,,Will Phoebe Dynevor perform as Moneypenny in the next James Bond film?,,,0,active,2031-01-01T15:00:00Z,,,,
,Who will play Moneypenny in the next James Bond?,Entertainment,a01d0621-0a00-4fe3-a9a3-2712c2f2522b,,Will Emma Corrin perform as Moneypenny in the next James Bond film?,,,0,active,2031-01-01T15:00:00Z,,,,
,Who will play M in the next James Bond film?,Entertainment,f3ef64a5-961f-4cb3-81aa-1b10d9b4c5ba,,Will Ralph Fiennes perform as M in the next James Bond film?,,,0,active,2031-01-01T15:00:00Z,,,,
,Who will play M in the next James Bond film?,Entertainment,6bb5054d-6673-4268-a38e-ee5b5f2d6bf6,,Will Idris Elba perform as M in the next James Bond film?,,,0,active,2031-01-01T15:00:00Z,,,,
,Who will play M in the next James Bond film?,Entertainment,c34bc64e-31bf-430b-b5ad-fbe3209d64ad,,Will Olivia Colman perform as M in the next James Bond film?,,,142,active,2031-01-01T15:00:00Z,20.0,20.0,,
,Who will play M in the next James Bond film?,Entertainment,ff1aa3a3-c178-4149-a02c-f8c117b7395c,,Will Mark Rylance perform as M in the next James Bond film?,,,0,active,2031-01-01T15:00:00Z,,,,
,Who will play M in the next James Bond film?,Entertainment,d6eab4ec-f6c8-4033-90a3-b7bbdd89a49d,,Will Charles Dance perform as M in the next James Bond film?,,,0,active,2031-01-01T15:00:00Z,,,,
,Who will play Felix Leiter in the next James Bond?,Entertainment,15b4efe3-461b-4923-bf8d-ad03d71a5864,,Will Wyatt Russell perform as Felix Leiter in the next James Bond film?,,,24,active,2031-01-01T15:00:00Z,14.0,14.0,,
,Who will play Felix Leiter in the next James Bond?,Entertainment,a7692fd5-87d2-4c16-a0d5-08bd447a27a0,,Will Anthony Mackie perform as Felix Leiter in the next James Bond film?,,,46,active,2031-01-01T15:00:00Z,19.0,19.0,,
,Who will play Felix Leiter in the next James Bond?,Entertainment,891fcaaf-53ff-496d-b2c9-5ee07cb9c04a,,Will Chiwetel Ejiofor perform as Felix Leiter in the next James Bond film?,,,32,active,2031-01-01T15:00:00Z,17.0,17.0,,
,Who will play Felix Leiter in the next James Bond?,Entertainment,529986ec-22ae-4e6c-b58c-1895e7ec8221,,Will Steven Yeun perform as Felix Leiter in the next James Bond film?,,,0,active,2031-01-01T15:00:00Z,,,,
,Who will play Felix Leiter in the next James Bond?,Entertainment,d48bc5bf-593f-4a24-a7bd-54c09431f409,,Will Boyd Holbrook perform as Felix Leiter in the next James Bond film?,,,16,active,2031-01-01T15:00:00Z,20.0,20.0,,
,Who will play Felix Leiter in the next James Bond?,Entertainment,c8538405-2fbb-405f-b5a9-98515a1be6fa,,Will John Hoogenakker perform as Felix Leiter in the next James Bond film?,,,148,active,2031-01-01T15:00:00Z,15.0,,,
,Who will play Felix Leiter in the next James Bond?,Entertainment,28e4286b-0815-4f89-907b-a8b1e7828429,,Will Albert Jones perform as Felix Leiter in the next James Bond film?,,,0,active,2031-01-01T15:00:00Z,,,,
,Who will play Felix Leiter in the next James Bond?,Entertainment,203447ad-92e3-47b3-865e-1253fae56bfe,,Will Aaron Staton perform as Felix Leiter in the next James Bond film?,,,0,active,2031-01-01T15:00:00Z,,,,
,Who will play Felix Leiter in the next James Bond?,Entertainment,cfff43c3-42c0-4f9a-b3f5-c3e71f7f0309,,Will Seth Numrich perform as Felix Leiter in the next James Bond film?,,,0,active,2031-01-01T15:00:00Z,,,,
,When will IShowSpeed reach 100 million Youtube subscribers?,Entertainment,3d8dd4b7-f384-4510-8de0-f757dbffc161,,When will IShowSpeed reach 100 million Youtube subscribers?,,,984,active,2027-01-01T04:59:00Z,20.0,19.0,,
,When will IShowSpeed reach 100 million Youtube subscribers?,Entertainment,69e77065-e906-4ccd-836e-d0d94f66a90d,,When will IShowSpeed reach 100 million Youtube subscribers?,,,680,active,2028-01-01T04:59:00Z,45.0,50.0,,
,When will IShowSpeed reach 100 million Youtube subscribers?,Entertainment,b91734ba-ff82-4ba2-b2e0-e08ae57b0125,,When will IShowSpeed reach 100 million Youtube subscribers?,,,0,active,2029-01-01T04:59:00Z,,,,
,When will IShowSpeed reach 100 million Youtube subscribers?,Entertainment,17d106af-ec89-4592-a0a0-76c761fa0ba4,,When will IShowSpeed reach 100 million Youtube subscribers?,,,0,active,2030-01-01T04:59:00Z,,,,
,Will the US government take control of any AI company or project before 2030?,Politics,3d3e3016-c560-4e84-a310-e65eec5207fc,,Will the US government take control of any AI company or project before 2030?,,,7944,active,2030-01-01T04:59:00Z,36.0,37.0,,
,Will A Court Of Thorns and Roses be released?,Entertainment,5ae06e27-9e69-4080-ae46-7c92cbd4ac02,,When will A Court Of Thorns and Roses be released?,,,1412,active,2030-01-01T15:00:00Z,54.0,54.0,,
,Who will be the world's first trillionaire?,Economics,a30f4128-c024-477e-8197-e80de93905ee,,Will Elon Musk be the world's first trillionaire?,,,170220,active,2030-01-01T15:00:00Z,83.0,89.0,,
,Who will be the world's first trillionaire?,Economics,9d387f0c-bde4-4f3d-b9a3-9ba5ef7a0c7f,,Will Larry Ellison be the world's first trillionaire?,,,15158,active,2030-01-01T15:00:00Z,3.0,4.0,,
,Who will be the world's first trillionaire?,Economics,0f9b32ce-55cb-44bb-b990-69496136b095,,Will Mark Zuckerberg be the world's first trillionaire?,,,8036,active,2030-01-01T15:00:00Z,2.0,2.0,,
,Who will be the world's first trillionaire?,Economics,c5be85df-adb8-4248-b281-b83c388c1e11,,Will Jeff Bezos be the world's first trillionaire?,,,19126,active,2030-01-01T15:00:00Z,4.0,4.0,,
,Who will be the world's first trillionaire?,Economics,9f3db287-192e-4caf-a7d3-5a8a79e465fc,,Will Bernard Arnault & family be the world's first trillionaire?,,,5594,active,2030-01-01T15:00:00Z,1.0,1.0,,
,Who will be the world's first trillionaire?,Economics,f35239b5-b54e-4b5f-8ac9-8609d0e400b7,,Will Warren Buffet be the world's first trillionaire?,,,4860,active,2030-01-01T15:00:00Z,1.0,2.0,,
,Who will be the world's first trillionaire?,Economics,92fb88f3-97ff-400a-b6dc-c6e873227dd9,,Will Larry Page be the world's first trillionaire?,,,8316,active,2030-01-01T15:00:00Z,2.0,1.0,,
,Who will be the world's first trillionaire?,Economics,79db2c3e-868d-4e92-b741-995d17110a16,,Will Sergey Brin be the world's first trillionaire?,,,664,active,2030-01-01T15:00:00Z,1.0,1.0,,
,Who will be the world's first trillionaire?,Economics,cb3fd7fc-8a13-4a4c-90c8-5e3fc5669b7f,,Will Steve Ballmer be the world's first trillionaire?,,,2308,active,2030-01-01T15:00:00Z,1.0,1.0,,
,Who will be the world's first trillionaire?,Economics,c0b92082-10e6-498e-8990-abeff0b7e436,,Will Jensen Huang be the world's first trillionaire?,,,37810,active,2030-01-01T15:00:00Z,3.0,2.0,,
,Who will be the world's first trillionaire?,Economics,66cfebe2-57bc-4215-afa5-11c7e045bdfd,,Will Sam Altman be the world's first trillionaire?,,,8632,active,2030-01-01T15:00:00Z,1.0,1.0,,
,Who will be Groomsman for the wedding of Travis Kelce and Taylor Swift?,Social,5fa398e5-4b82-44dd-84b0-e1381d476780,,Will Jason Kelce be a Groomsman for the wedding of Travis Kelce and Taylor Swift?,,,3790,active,2030-01-01T15:00:00Z,95.0,95.0,,
,Who will be Groomsman for the wedding of Travis Kelce and Taylor Swift?,Social,76423437-4950-4c2d-9e94-9830784b1781,,Will Patrick Mahomes be a Groomsman for the wedding of Travis Kelce and Taylor Swift?,,,12218,active,2030-01-01T15:00:00Z,89.0,88.0,,
,Who will be Groomsman for the wedding of Travis Kelce and Taylor Swift?,Social,fa777151-9654-4f53-b9df-205fb19d9c63,,Will Aric Jones be a Groomsman for the wedding of Travis Kelce and Taylor Swift?,,,6444,active,2030-01-01T15:00:00Z,86.0,86.0,,
,Who will be Groomsman for the wedding of Travis Kelce and Taylor Swift?,Social,68f2bad9-624e-4ba9-926b-a2aeb606a36f,,Will Kumar Ferguson be a Groomsman for the wedding of Travis Kelce and Taylor Swift?,,,766,active,2030-01-01T15:00:00Z,77.0,86.0,,
,Who will be Groomsman for the wedding of Travis Kelce and Taylor Swift?,Social,537ec871-f334-48d9-95db-835914291e78,,Will Austin Swift be a Groomsman for the wedding of Travis Kelce and Taylor Swift?,,,6690,active,2030-01-01T15:00:00Z,74.0,76.0,,
,Who will be Groomsman for the wedding of Travis Kelce and Taylor Swift?,Social,3ee6f26d-66d1-4fdc-8552-2d90bc274e24,,Will Harrison Butker be a Groomsman for the wedding of Travis Kelce and Taylor Swift?,,,308,active,2030-01-01T15:00:00Z,2.0,10.0,,
,Who will be a Bridesmaid for the wedding of Travis Kelce and Taylor Swift?,Social,6502dfc3-3c92-487a-81da-9ae1a507986e,,Will Selena Gomez be a Bridesmaid for the wedding of Travis Kelce and Taylor Swift?,,,15378,active,2030-01-01T15:00:00Z,81.0,78.0,,
,Who will be a Bridesmaid for the wedding of Travis Kelce and Taylor Swift?,Social,1ec396a2-2302-43d2-844a-e4b1a4b3ae22,,Will Abigail Anderson (Berard) be a Bridesmaid for the wedding of Travis Kelce and Taylor Swift?,,,3224,active,2030-01-01T15:00:00Z,83.0,89.0,,
,Who will be a Bridesmaid for the wedding of Travis Kelce and Taylor Swift?,Social,e338babd-96e3-4639-ad2a-7534c550588e,,Will Gigi Hadid be a Bridesmaid for the wedding of Travis Kelce and Taylor Swift?,,,25304,active,2030-01-01T15:00:00Z,67.0,62.0,,
,Who will be a Bridesmaid for the wedding of Travis Kelce and Taylor Swift?,Social,19b5f0de-c699-4b65-866b-7157b9a38350,,Will Blake Lively be a Bridesmaid for the wedding of Travis Kelce and Taylor Swift?,,,13860,active,2030-01-01T15:00:00Z,26.0,25.0,,
,Who will be a Bridesmaid for the wedding of Travis Kelce and Taylor Swift?,Social,51cd2ac2-2f73-40a9-a7b3-b64aa6ffbed7,,Will Este Haim be a Bridesmaid for the wedding of Travis Kelce and Taylor Swift?,,,2278,active,2030-01-01T15:00:00Z,43.0,42.0,,
,Who will be a Bridesmaid for the wedding of Travis Kelce and Taylor Swift?,Social,de783664-7167-4a24-863b-ee555ce3cb44,,Will Danielle Haim be a Bridesmaid for the wedding of Travis Kelce and Taylor Swift?,,,160,active,2030-01-01T15:00:00Z,31.0,20.0,,
,Who will be a Bridesmaid for the wedding of Travis Kelce and Taylor Swift?,Social,143b130c-5735-4583-bb60-70c5c8f1b36c,,Will Alana Haim be a Bridesmaid for the wedding of Travis Kelce and Taylor Swift?,,,396,active,2030-01-01T15:00:00Z,30.0,30.0,,
,Who will be a Bridesmaid for the wedding of Travis Kelce and Taylor Swift?,Social,ac08d8d5-abe4-49a0-909e-b50829e88a70,,Will Zoë Kravitz be a Bridesmaid for the wedding of Travis Kelce and Taylor Swift?,,,1270,active,2030-01-01T15:00:00Z,41.0,41.0,,
,Who will be a Bridesmaid for the wedding of Travis Kelce and Taylor Swift?,Social,74e6329d-fa13-438b-b6ab-11445d0780b3,,Will Cara Delevingne be a Bridesmaid for the wedding of Travis Kelce and Taylor Swift?,,,760,active,2030-01-01T15:00:00Z,11.0,22.0,,
,Who will be a Bridesmaid for the wedding of Travis Kelce and Taylor Swift?,Social,fc58385e-2317-4159-9151-493698996d72,,Will Lana Del Rey be a Bridesmaid for the wedding of Travis Kelce and Taylor Swift?,,,2164,active,2030-01-01T15:00:00Z,32.0,20.0,,
,Who will be a Bridesmaid for the wedding of Travis Kelce and Taylor Swift?,Social,31870267-eff0-437c-91cb-2896901a4001,,Will Sophie Turner be a Bridesmaid for the wedding of Travis Kelce and Taylor Swift?,,,2264,active,2030-01-01T15:00:00Z,36.0,22.0,,
,Who will be a Bridesmaid for the wedding of Travis Kelce and Taylor Swift?,Social,3a08161f-5db3-464e-a83d-283720f2073f,,Will Ice Spice be a Bridesmaid for the wedding of Travis Kelce and Taylor Swift?,,,2182,active,2030-01-01T15:00:00Z,19.0,11.0,,
,Who will be a Bridesmaid for the wedding of Travis Kelce and Taylor Swift?,Social,da73d2a9-c53e-42ea-b74a-201315265d50,,Will Brittany Mahomes be a Bridesmaid for the wedding of Travis Kelce and Taylor Swift?,,,6128,active,2030-01-01T15:00:00Z,30.0,23.0,,
,Who will be a Bridesmaid for the wedding of Travis Kelce and Taylor Swift?,Social,80c55a02-acb0-4154-8ecc-160a1ed61eb7,,Will Kylie Kelce be a Bridesmaid for the wedding of Travis Kelce and Taylor Swift?,,,12248,active,2030-01-01T15:00:00Z,90.0,51.0,,
,Who will be a Bridesmaid for the wedding of Travis Kelce and Taylor Swift?,Social,f0ab989b-d566-462a-8829-17b6dbae991c,,Will Ashley Avignone be a Bridesmaid for the wedding of Travis Kelce and Taylor Swift?,,,4,active,2030-01-01T15:00:00Z,99.0,,,
,Who will be a Bridesmaid for the wedding of Travis Kelce and Taylor Swift?,Social,1435b811-3169-4364-8ff8-7197ece4022f,,Will Sabrina Carpenter be a Bridesmaid for the wedding of Travis Kelce and Taylor Swift?,,,2486,active,2030-01-01T15:00:00Z,63.0,68.0,,
,Who will be a Bridesmaid for the wedding of Travis Kelce and Taylor Swift?,Social,62a6cc70-39ee-4d82-9fe4-e14db776d893,,Will Emma Stone be a Bridesmaid for the wedding of Travis Kelce and Taylor Swift?,,,932,active,2030-01-01T15:00:00Z,48.0,,,
,Will the US issue a Level 4 travel advisory for Taiwan?,Politics,c7cee380-6e2f-461d-8796-471348b5b9db,,"Will the U.S. State Department issue a Level 4 warning for Taiwan before Jul 1, 2026?",,,33746,active,2026-07-01T03:59:00Z,5.0,10.0,,
,Will the US issue a Level 4 travel advisory for Taiwan?,Politics,9afd0c47-2c2e-49a9-9941-1eec3c14240c,,"Will the U.S. State Department issue a Level 4 warning for Taiwan before Jan 1, 2027?",,,145824,active,2027-01-01T04:59:00Z,23.0,23.0,,
,Will the US issue a Level 4 travel advisory for Taiwan?,Politics,7a1d1aa1-f7d0-4790-9295-40d4e9ff87c5,,"Will the U.S. State Department issue a Level 4 warning for Taiwan before Jan 1, 2028?",,,10992,active,2028-01-01T04:59:00Z,34.0,34.0,,
,Will the US issue a Level 4 travel advisory for Taiwan?,Politics,348c6e43-f88d-4c2f-b561-b475f44f7355,,"Will the U.S. State Department issue a Level 4 warning for Taiwan before Jan 1, 2029?",,,15538,active,2029-01-01T04:59:00Z,39.0,38.0,,
,Will the US issue a Level 4 travel advisory for Taiwan?,Politics,b2ec6c35-7448-4982-a7f7-47613361373b,,"Will the U.S. State Department issue a Level 4 warning for Taiwan before Jan 1, 2030?",,,10990,active,2030-01-01T04:59:00Z,44.0,39.0,,
,Where will Taylor Swift and Travis Kelce’s Wedding occur?,Social,78f0442f-7e33-460f-ad62-ff94766f2a6c,,Where will Taylor Swift and Travis Kelce’s Wedding occur?,,,90222,active,2030-01-01T04:59:00Z,65.0,67.0,,
,Where will Taylor Swift and Travis Kelce’s Wedding occur?,Social,850ef12d-3669-439e-b83d-01add48f198f,,Where will Taylor Swift and Travis Kelce’s Wedding occur?,,,31094,active,2030-01-01T04:59:00Z,30.0,39.0,,
,Where will Taylor Swift and Travis Kelce’s Wedding occur?,Social,4ee5550a-78ba-4a90-94a4-3a254d02dd77,,Where will Taylor Swift and Travis Kelce’s Wedding occur?,,,7004,active,2030-01-01T04:59:00Z,8.0,14.0,,
,Where will Taylor Swift and Travis Kelce’s Wedding occur?,Social,08247e15-ff2d-4299-956e-9c8b644c2e96,,Where will Taylor Swift and Travis Kelce’s Wedding occur?,,,3610,active,2030-01-01T04:59:00Z,13.0,4.0,,
,Where will Taylor Swift and Travis Kelce’s Wedding occur?,Social,d57136e6-b7bf-4981-b04a-ba2ba2e8d57b,,Where will Taylor Swift and Travis Kelce’s Wedding occur?,,,1032,active,2030-01-01T04:59:00Z,7.0,7.0,,
,Will LeBron James be a majority owner of a pro men's basketball team before 2030?,Sports,bed3fcfd-9ac8-45aa-a1f6-7d4c14a1a949,,Will LeBron James be a majority owner of a pro men's basketball team before 2030?,,,9882,active,2030-01-01T04:59:00Z,14.0,10.0,,
,Will SpaceX land anything successfully on Mars before 2030?,Science and Technology,ced34dd6-85fd-434e-a995-2f4fe7563f75,,Will SpaceX land anything on Mars before 2030?,,,99028,active,2030-01-01T15:00:00Z,27.0,31.0,,
,Portland Trailblazers bought and changed to Seattle SuperSonics?,Sports,5f68de18-8bea-4baa-8861-32ed146a82a3,,Will the Portland Trailblazers be bought and become the Seattle SuperSonics?,,,13892,active,2030-01-01T04:59:00Z,10.0,10.0,,
,Will there be an announcement that The Simpsons is ending?,Entertainment,ab0d3f1a-ddcd-4966-8b72-78f98f0a4a8d,,Will there be an announcement that The Simpsons is ending?,,,3008,active,2030-01-01T04:59:00Z,66.0,57.0,,
,Will there be an announcement that Family Guy is ending?,Entertainment,8ee43c25-6085-4030-aa9e-20c1ab06b3a7,,Will there be an announcement that Family Guy is ending?,,,1726,active,2030-01-01T04:59:00Z,55.0,55.0,,
,Will there be a year without polio before 2030?,Health,872b271f-e7ee-4e0c-83fc-201172ec927f,,Will there be a year with zero wild polio cases before 2030?,,,48886,active,2030-01-01T15:00:00Z,8.0,10.0,,
,Who will be the next Prime Minister of the UK?,Politics,af7e9398-30d8-4a18-b0b0-1f1922aa5305,,Will Andrew Tate be the next Prime Minister of United Kingdom?,,,13208,active,2030-01-01T15:00:00Z,1.0,1.0,,
,Who will be the next Prime Minister of the UK?,Politics,ee7665a3-9d74-45df-a04c-b5fdba3d000a,,Will Angela Rayner be the next Prime Minister of United Kingdom?,,,69958,active,2030-01-01T15:00:00Z,26.0,40.0,,
,Who will be the next Prime Minister of the UK?,Politics,7cdf58dd-0d71-4592-9b69-b8e7f778424d,,Will Nigel Farage be the next Prime Minister of United Kingdom?,,,180436,active,2030-01-01T15:00:00Z,8.0,14.0,,
,Who will be the next Prime Minister of the UK?,Politics,ed9900bd-c304-4274-b941-8925b23dcbb7,,Will Rachel Reeves be the next Prime Minister of United Kingdom?,,,1778,active,2030-01-01T15:00:00Z,1.0,1.0,,
,Who will be the next Prime Minister of the UK?,Politics,dd945702-e322-4cff-9f9c-f9cf47601633,,Will Kemi Badenoch be the next Prime Minister of United Kingdom?,,,25002,active,2030-01-01T15:00:00Z,3.0,4.0,,
,Who will be the next Prime Minister of the UK?,Politics,b3b02e52-d8b3-4191-aceb-ea86f27dfb8f,,Will Wes Streeting be the next Prime Minister of United Kingdom?,,,62324,active,2030-01-01T15:00:00Z,26.0,26.0,,
,Who will be the next Prime Minister of the UK?,Politics,7c2fb4e0-4491-45db-b5b8-fc3d2e364e57,,Will Ed Davey be the next Prime Minister of United Kingdom?,,,706,active,2030-01-01T15:00:00Z,1.0,2.0,,
,Who will be the next Prime Minister of the UK?,Politics,c56dfc0c-1ae2-4bd5-a605-21316a1e188b,,Will Boris Johnson be the next Prime Minister of United Kingdom?,,,1958,active,2030-01-01T15:00:00Z,1.0,3.0,,
,Who will be the next Prime Minister of the UK?,Politics,7adb5c20-2afd-4649-8f12-a1ac17acb287,,Will James Cleverly be the next Prime Minister of United Kingdom?,,,20,active,2030-01-01T15:00:00Z,1.0,,,
,Who will be the next Prime Minister of the UK?,Politics,c7774dbb-2304-4e46-a8ea-b8664c65c96f,,Will Robert Jenrick be the next United Kingdom of United Kingdom?,,,626,active,2030-01-01T15:00:00Z,1.0,1.0,,
,Who will be the next Prime Minister of the UK?,Politics,95a19dd1-faf3-4db7-b954-7c68d5b805c2,,Will Yvette Cooper be the next Prime Minister of United Kingdom?,,,1748,active,2030-01-01T15:00:00Z,4.0,4.0,,
,Who will be the next Prime Minister of the UK?,Politics,59526804-d573-4e11-8d46-321259c4f519,,Will Darren Jones be the next Prime Minister of United Kingdom?,,,20,active,2030-01-01T15:00:00Z,1.0,,,
,Who will be the next Prime Minister of the UK?,Politics,2cedaacc-8ab1-466c-adb4-79a3a6a7f890,,Will Andy Burnham be the next Prime Minister of United Kingdom?,,,50924,active,2030-01-01T15:00:00Z,5.0,9.0,,
,Who will be the next Prime Minister of the UK?,Politics,382faa5d-9342-4c59-90b3-1cfc332133dc,,Will Bridget Phillipson be the next Prime Minister of United Kingdom?,,,22,active,2030-01-01T15:00:00Z,1.0,2.0,,
,Who will be the next Prime Minister of the UK?,Politics,eab1a004-affc-4108-b066-fdeb41622224,,Will Rupert Lowe be the next Prime Minister of United Kingdom?,,,18214,active,2030-01-01T15:00:00Z,1.0,2.0,,
,Who will be the next Prime Minister of the UK?,Politics,d9026899-5c31-408a-afe2-7c12e26bd3fa,,Will Shabana Mahmood be the next Prime Minister of United Kingdom?,,,14824,active,2030-01-01T15:00:00Z,14.0,6.0,,
,Who will be the next Prime Minister of the UK?,Politics,6e900e10-f127-480f-89fd-80a77375e2e9,,Will David Lammy be the next Prime Minister of United Kingdom?,,,2692,active,2030-01-01T15:00:00Z,5.0,1.0,,
,Who will be the next Prime Minister of the UK?,Politics,2d5120e8-ca19-4a8b-8262-edd7fc85c03b,,Will Ed Miliband be the next Prime Minister of United Kingdom?,,,35400,active,2030-01-01T15:00:00Z,13.0,8.0,,
,Who will be the next Prime Minister of the UK?,Politics,4128244c-f885-4e65-a657-5b0e2c0fdc06,,Will Lucy Powell be the next  of United Kingdom?,,,488,active,2030-01-01T15:00:00Z,3.0,2.0,,
,Who will be the next Prime Minister of the UK?,Politics,64cf6543-dfca-40ea-9bc1-5828ed35ce65,,Will Al Carns be the next Prime Minister of United Kingdom?,,,414,active,2030-01-01T15:00:00Z,5.0,,,
,Will Kai Cenat become a billionaire before 2030?,Economics,3cf0a06d-ee49-41cd-b46a-71ffe2d622c7,,Will KaiCenat become a billionaire before 2030?,,,558,active,2030-01-01T15:00:00Z,13.0,13.0,,
,Will the NBA add a new team before 2030?,Sports,ae2dcd18-897d-468b-b3d9-31fc83505653,,Will the NBA approve a new franchise before 2030?,,,9792,active,2030-01-01T15:00:00Z,87.0,96.0,,
,Will a Seattle pro basketball team play a game before 2030?,Sports,fc7ea9ea-63c5-4308-87fc-b6f378378e3b,,Will a Seattle NBA team play a game before 2030?,,,25672,active,2030-01-01T15:00:00Z,65.0,80.0,,
,When will Elon Musk become a trillionaire?,Economics,7dbfb19e-947f-46f6-a50d-874948dd7ca6,,Will Elon Musk be a trillionaire before 2027?,,,310598,active,2027-01-01T15:00:00Z,75.0,77.0,,
,When will Elon Musk become a trillionaire?,Economics,211bfeaf-274e-4853-bb2d-8c4735b0800e,,Will Elon Musk be a trillionaire before 2028?,,,83564,active,2028-01-01T15:00:00Z,85.0,88.0,,
,When will Elon Musk become a trillionaire?,Economics,c1edac18-4030-4a55-9428-acdcfa100f64,,Will Elon Musk be a trillionaire before 2029?,,,62184,active,2029-01-01T15:00:00Z,90.0,91.0,,
,When will Elon Musk become a trillionaire?,Economics,86db1a8d-ca33-4c98-9b0d-edde5e9a30a7,,Will Elon Musk be a trillionaire before 2030?,,,65338,active,2030-01-01T15:00:00Z,92.0,90.0,,
,When will Prison Break return?,Entertainment,f6c075fa-bfaf-477d-9daa-29c4011d1df5,,"Will A New Season of Prison Break be released Worldwide before Jan 1, 2030?",,,246,active,2026-07-01T03:59:00Z,14.0,90.0,,
,When will Prison Break return?,Entertainment,ff348f17-ee2f-4da9-9003-a07578631d76,,"Will A New Season of Prison Break be released Worldwide before Jan 1, 2030?",,,164,active,2027-01-01T04:59:00Z,29.0,30.0,,
,When will Prison Break return?,Entertainment,54793a6d-d726-4c11-855c-97a54e0ae0a6,,"Will A New Season of Prison Break be released Worldwide before Jan 1, 2030?",,,246,active,2027-07-01T03:59:00Z,42.0,52.0,,
,When will Prison Break return?,Entertainment,6e4d9cc7-eee9-4e45-a2b4-5ecdd4a9920f,,"Will A New Season of Prison Break be released Worldwide before Jan 1, 2030?",,,0,active,2028-01-01T04:59:00Z,,,,
,When will Prison Break return?,Entertainment,c7546fa3-2bfb-4a3c-82e5-6bef759976e9,,"Will A New Season of Prison Break be released Worldwide before Jan 1, 2030?",,,0,active,2028-07-01T03:59:00Z,,,,
,When will Prison Break return?,Entertainment,c462083f-08e9-4935-b7be-3d67382a7c19,,"Will A New Season of Prison Break be released Worldwide before Jan 1, 2030?",,,4,active,2029-01-01T04:59:00Z,64.0,64.0,,
,Courts consider Live Nation a monopoly?,Companies,60116cbf-24bd-482a-a2dd-9669b0b9ee60,,"Will the DOJ win their antitrust lawsuit against Live Nation before Jan 1, 2030?",,,18894,active,2030-01-01T15:00:00Z,62.0,66.0,,
,Who will replace Jamie Dimon as JPMorgan CEO?,Companies,264ced03-4286-4df2-8b92-0dc8b75601c7,,Will Jennifer Piepszak succeed Jamie Dimon as CEO of JPMorgan?,,,2952,active,2030-01-01T15:00:00Z,16.0,16.0,,
,Who will replace Jamie Dimon as JPMorgan CEO?,Companies,1a97df57-369d-47ee-8723-f97e697a1e98,,Will Marianne Lake succeed Jamie Dimon as CEO of JPMorgan?,,,11772,active,2030-01-01T15:00:00Z,41.0,48.0,,
,Who will replace Jamie Dimon as JPMorgan CEO?,Companies,9733da10-07c9-48de-8984-32ccffb7a1e1,,Will Doug Petno succeed Jamie Dimon as CEO of JPMorgan?,,,3378,active,2030-01-01T15:00:00Z,22.0,29.0,,
,Who will replace Jamie Dimon as JPMorgan CEO?,Companies,049c1b55-04fe-4d27-a4dd-ad1994715024,,Will Troy Rohrbaugh succeed Jamie Dimon as CEO of JPMorgan?,,,5848,active,2030-01-01T15:00:00Z,29.0,29.0,,
,When will Airtable officially announce an IPO?,Economics,986c4ca7-2a7f-4991-a47e-0cf8a7b39e1f,,When will Airtable officially announce an IPO?,,,94,active,2027-01-01T04:59:00Z,6.0,7.0,,
,When will Airtable officially announce an IPO?,Economics,2df1d45f-e576-4807-834e-b7c46012a1e1,,When will Airtable officially announce an IPO?,,,1764,active,2028-01-01T04:59:00Z,27.0,27.0,,
,When will Airtable officially announce an IPO?,Economics,3ad86450-e19e-41c6-a7b1-57143e81c144,,When will Airtable officially announce an IPO?,,,6,active,2029-01-01T04:59:00Z,39.0,,,
,When will Airtable officially announce an IPO?,Economics,3acd7090-7b98-45ed-b154-bdc8bcedc947,,When will Airtable officially announce an IPO?,,,28,active,2030-01-01T04:59:00Z,46.0,47.0,,
,What will the price of GTA VI be on PS5?,Entertainment,c87abc66-067d-4f62-a44b-0471dbf2339b,,What will the price of GTA VI be?,,,16886,active,2030-01-01T15:00:00Z,96.0,96.0,,
,What will the price of GTA VI be on PS5?,Entertainment,9ef1db38-978d-452b-808f-bb85d24356b9,,What will the price of GTA VI be?,,,152084,active,2030-01-01T15:00:00Z,71.0,71.0,,
,What will the price of GTA VI be on PS5?,Entertainment,c8bb6efe-a610-489c-b61e-1700a6970ccd,,What will the price of GTA VI be?,,,133570,active,2030-01-01T15:00:00Z,38.0,31.0,,
,What will the price of GTA VI be on PS5?,Entertainment,c750d478-55f1-475c-852b-13452b5bab7f,,What will the price of GTA VI be?,,,140390,active,2030-01-01T15:00:00Z,27.0,27.0,,
,What will the price of GTA VI be on PS5?,Entertainment,238e4eaa-9e8c-4b53-a1f0-3d28a0f9e871,,What will the price of GTA VI be?,,,213614,active,2030-01-01T15:00:00Z,15.0,12.0,,
,What songs will be on the GTA 6 radio at launch?,Entertainment,7d467afb-716a-4b75-9db7-b34a903ce5ee,,What songs will be on the GTA 6 radio at launch?,,,1488,active,2030-01-01T15:00:00Z,48.0,62.0,,
,What songs will be on the GTA 6 radio at launch?,Entertainment,82908e84-e63d-4113-90d6-ec94b0e52247,,What songs will be on the GTA 6 radio at launch?,,,216,active,2030-01-01T15:00:00Z,48.0,44.0,,
,What songs will be on the GTA 6 radio at launch?,Entertainment,2267889f-9fe0-46ac-8cab-566c1d9537a2,,What songs will be on the GTA 6 radio at launch?,,,128,active,2030-01-01T15:00:00Z,36.0,38.0,,
,What songs will be on the GTA 6 radio at launch?,Entertainment,9f07da64-c808-42f0-95b4-884349d6e9b7,,What songs will be on the GTA 6 radio at launch?,,,166,active,2030-01-01T15:00:00Z,23.0,40.0,,
,What songs will be on the GTA 6 radio at launch?,Entertainment,66d2f243-1a9d-4244-9747-41a730a8dcc6,,What songs will be on the GTA 6 radio at launch?,,,1460,active,2030-01-01T15:00:00Z,61.0,58.0,,
,What songs will be on the GTA 6 radio at launch?,Entertainment,e58ebc96-3ab1-439d-86b1-27bb673782b0,,What songs will be on the GTA 6 radio at launch?,,,108,active,2030-01-01T15:00:00Z,46.0,46.0,,
,What songs will be on the GTA 6 radio at launch?,Entertainment,5da132f6-7786-405c-bc4b-60b46bb0762b,,What songs will be on the GTA 6 radio at launch?,,,508,active,2030-01-01T15:00:00Z,37.0,48.0,,
,What songs will be on the GTA 6 radio at launch?,Entertainment,a5987079-243c-47e7-80a3-ca66fa848732,,What songs will be on the GTA 6 radio at launch?,,,122,active,2030-01-01T15:00:00Z,41.0,47.0,,
,What songs will be on the GTA 6 radio at launch?,Entertainment,53273f3f-1e10-4d9f-9446-7a25e02279ec,,What songs will be on the GTA 6 radio at launch?,,,752,active,2030-01-01T15:00:00Z,33.0,50.0,,
,What songs will be on the GTA 6 radio at launch?,Entertainment,0b60b205-fc4a-4ac0-b541-d05313b644f4,,What songs will be on the GTA 6 radio at launch?,,,854,active,2030-01-01T15:00:00Z,33.0,27.0,,
,What songs will be on the GTA 6 radio at launch?,Entertainment,bef91a64-aa50-4d51-b325-4434c31eeb9c,,What songs will be on the GTA 6 radio at launch?,,,254,active,2030-01-01T15:00:00Z,42.0,42.0,,
,What songs will be on the GTA 6 radio at launch?,Entertainment,3d1e3b7d-4cf5-46f6-ba26-2d0fa83a4726,,What songs will be on the GTA 6 radio at launch?,,,560,active,2030-01-01T15:00:00Z,38.0,36.0,,
,What songs will be on the GTA 6 radio at launch?,Entertainment,690ffe85-ae2f-4388-ba04-dbe3e670cbdf,,What songs will be on the GTA 6 radio at launch?,,,668,active,2030-01-01T15:00:00Z,39.0,39.0,,
,What songs will be on the GTA 6 radio at launch?,Entertainment,ef3d14ed-329d-429f-b0e3-bddef8c99e55,,What songs will be on the GTA 6 radio at launch?,,,390,active,2030-01-01T15:00:00Z,33.0,32.0,,
,How much will a Fyre Festival 2 General Admission Ticket cost?,Companies,2b554ab9-e969-49b7-847d-c2d3d5fc7414,,How much will a Fyre Festival 2 General Admission Ticket cost?,,,2276,active,2030-01-01T04:59:00Z,67.0,67.0,,
,How much will a Fyre Festival 2 General Admission Ticket cost?,Companies,62da4c39-e21c-42cf-8c3d-87e6a4b36efa,,How much will a Fyre Festival 2 General Admission Ticket cost?,,,56,active,2030-01-01T04:59:00Z,66.0,68.0,,
,How much will a Fyre Festival 2 General Admission Ticket cost?,Companies,2495b172-2196-42a7-8e74-592ce2eacff5,,How much will a Fyre Festival 2 General Admission Ticket cost?,,,100,active,2030-01-01T04:59:00Z,73.0,79.0,,
,How much will a Fyre Festival 2 General Admission Ticket cost?,Companies,18dae0e2-9d91-47f0-8927-f2e1b6144ec7,,How much will a Fyre Festival 2 General Admission Ticket cost?,,,4,active,2030-01-01T04:59:00Z,72.0,72.0,,
,How much will a Fyre Festival 2 General Admission Ticket cost?,Companies,4d3dc4b1-2b56-4218-9cba-fd6b572d6bf0,,How much will a Fyre Festival 2 General Admission Ticket cost?,,,176,active,2030-01-01T04:59:00Z,54.0,54.0,,
,How much will a Fyre Festival 2 General Admission Ticket cost?,Companies,a4124e73-cedd-4837-9b15-e64741167db6,,How much will a Fyre Festival 2 General Admission Ticket cost?,,,1190,active,2030-01-01T04:59:00Z,58.0,52.0,,
,How much will a Fyre Festival 2 General Admission Ticket cost?,Companies,4817dce3-c1aa-463c-9c92-92e8878ab2bf,,How much will a Fyre Festival 2 General Admission Ticket cost?,,,108,active,2030-01-01T04:59:00Z,40.0,40.0,,
,How much will a Fyre Festival 2 General Admission Ticket cost?,Companies,7be31eee-94d2-4e12-9c87-7e51849c20fe,,How much will a Fyre Festival 2 General Admission Ticket cost?,,,72,active,2030-01-01T04:59:00Z,18.0,18.0,,
,How much will a Fyre Festival 2 General Admission Ticket cost?,Companies,82dca215-5d9a-4a77-81d8-ce4c191b72fa,,How much will a Fyre Festival 2 General Admission Ticket cost?,,,4,active,2030-01-01T04:59:00Z,25.0,25.0,,
,How much will a Fyre Festival 2 General Admission Ticket cost?,Companies,a676064f-110c-43ee-be86-4e11ddff88cb,,How much will a Fyre Festival 2 General Admission Ticket cost?,,,108,active,2030-01-01T04:59:00Z,20.0,20.0,,
,What countries will hold referenda on leaving the EU?,Politics,8a7a4285-ebee-4b31-a4b1-8be691ae2118,,Will Italy hold a referendum on leaving the EU?,,,402,active,2030-01-01T15:00:00Z,4.0,13.0,,
,What countries will hold referenda on leaving the EU?,Politics,4a9ca3e2-5f74-4db1-9b34-3f4128cc24e4,,Will France hold a referendum on leaving the EU?,,,700,active,2030-01-01T15:00:00Z,2.0,7.0,,
,What countries will hold referenda on leaving the EU?,Politics,f8562f96-7d35-490f-9be4-2f44d6b32668,,Will Hungary hold a referendum on leaving the EU?,,,570,active,2030-01-01T15:00:00Z,8.0,11.0,,
,What countries will hold referenda on leaving the EU?,Politics,75f48d94-b8ef-41c0-a349-87fe844342dd,,Will Greece hold a referendum on leaving the EU?,,,758,active,2030-01-01T15:00:00Z,10.0,12.0,,
,Which countries will vote to leave the EU before 2030?,Politics,9c37bb5b-7e78-4d97-b90b-af1628b3592f,,Will Italy vote to leave the EU before 2030?,,,6552,active,2030-01-01T15:00:00Z,9.0,3.0,,
,Which countries will vote to leave the EU before 2030?,Politics,730560c6-22d5-43e6-94b5-302e3409fd88,,Will Germany vote to leave the EU before 2030?,,,334,active,2030-01-01T15:00:00Z,7.0,7.0,,
,Which countries will vote to leave the EU before 2030?,Politics,38131606-a07c-427a-88dc-d133c2c0bd08,,Will France vote to leave the EU before 2030?,,,468,active,2030-01-01T15:00:00Z,7.0,7.0,,
,Which countries will vote to leave the EU before 2030?,Politics,ca43fe2b-5e51-42b2-9878-620383582b3d,,Will Spain vote to leave the EU before 2030?,,,312,active,2030-01-01T15:00:00Z,7.0,10.0,,
,Which countries will vote to leave the EU before 2030?,Politics,3f8bceef-9025-4d69-94cd-947a61331a4c,,Will Poland vote to leave the EU before 2030?,,,3662,active,2030-01-01T15:00:00Z,8.0,2.0,,
,Which countries will vote to leave the EU before 2030?,Politics,2b0bb540-2d17-412f-9de0-625a119e6e14,,Will Hungary vote to leave the EU before 2030?,,,7816,active,2030-01-01T15:00:00Z,5.0,10.0,,
,Will the National Popular Vote Interstate Compact reach 270 electoral votes before 2030?,Elections,3a8d8669-d526-40d8-aa6c-8e2d3c9cf672,,Will the National Popular Vote Interstate Compact reach 270 electoral votes before 2030?,,,104,active,2030-01-01T15:00:00Z,6.0,6.0,,
,8.0 magnitude earthquake in Japan before 2030?,Climate and Weather,2a631bd2-eba9-4a34-a888-df54f8174cb6,,Will there be an at least 8.0 magnitude earthquake in Japan before 2030?,,,33406,active,2030-01-01T04:59:00Z,45.0,65.0,,
,Will the US start the process of building a nuclear-powered data center on a military base before 2030?,Science and Technology,0982493f-6d8c-47ea-afcd-5291562265e6,,Will the US start the process of building a nuclear-powered data center on a military base before 2030?,,,6022,active,2030-01-01T04:59:00Z,64.0,66.0,,
,How bad will CO2 atmospheric concentration get before 2030?,World,0827bedd-71bb-4d46-98a9-a694bc7aeb80,,How bad will CO2 atmospheric concentration get before 2030?,,,1078,active,2030-01-01T04:59:00Z,89.0,89.0,,
,How bad will CO2 atmospheric concentration get before 2030?,World,ccdcee87-c0ee-4969-9eab-05196027050f,,How bad will CO2 atmospheric concentration get before 2030?,,,1874,active,2030-01-01T04:59:00Z,53.0,53.0,,
,How bad will CO2 atmospheric concentration get before 2030?,World,6f89693e-cb44-490e-9b91-9e81f0bbdc4a,,How bad will CO2 atmospheric concentration get before 2030?,,,326,active,2030-01-01T04:59:00Z,35.0,29.0,,
,How bad will CO2 atmospheric concentration get before 2030?,World,8aa912c5-cc6a-4aa1-929b-bc24474af4aa,,How bad will CO2 atmospheric concentration get before 2030?,,,402,active,2030-01-01T04:59:00Z,17.0,15.0,,
,How bad will CO2 atmospheric concentration get before 2030?,World,0cf3a64d-2f1d-4671-9908-9760d435c7c7,,How bad will CO2 atmospheric concentration get before 2030?,,,1862,active,2030-01-01T04:59:00Z,12.0,11.0,,
,Will a ballot initiative on California secession qualify for a vote before 2030?,World,70b61371-0384-43f7-93e1-ff74a63b079e,,Will a ballot initiative on California secession qualify for a vote before 2030?,,,2538,active,2029-12-22T14:59:00Z,29.0,22.0,,
,Will Karl Bushby Finish His World Walk to Hull Before 2030?,Transportation,9e182aed-5092-43f9-b207-c5d35dc5bded,,"When will Karl Bushby reach his home of Hull, England from his walk around the world before 2030?",,,9202,active,2030-01-01T04:59:00Z,90.0,83.0,,
,Who will be the next James Bond?,Entertainment,b03ee887-9aac-4301-b059-12e961504f9f,,Will Aaron Pierre be the next James Bond?,,,12316,active,2030-01-01T15:00:00Z,1.0,5.0,,
,Who will be the next James Bond?,Entertainment,325e5b0a-099a-49dd-a87b-7d4079814244,,Will Aaron Taylor-Johnson be the next James Bond?,,,150884,active,2030-01-01T15:00:00Z,12.0,12.0,,
,Who will be the next James Bond?,Entertainment,20391c60-1293-4ede-8682-b4b6230fe8dc,,Will Tom Hardy be the next James Bond?,,,6188,active,2030-01-01T15:00:00Z,9.0,5.0,,
,Who will be the next James Bond?,Entertainment,418b5b90-a14c-43d4-8139-5c6fe4f51df9,,Will Henry Cavill be the next James Bond?,,,35288,active,2030-01-01T15:00:00Z,6.0,7.0,,
,Who will be the next James Bond?,Entertainment,d94484d1-96b2-4e84-8e6d-ea45edd5a4fa,,Will James Norton be the next James Bond?,,,6416,active,2030-01-01T15:00:00Z,14.0,14.0,,
,Who will be the next James Bond?,Entertainment,425d96cc-d3e4-4eec-848d-5842c241f1ee,,Will Damson Idris be the next James Bond?,,,13558,active,2030-01-01T15:00:00Z,6.0,9.0,,
,Who will be the next James Bond?,Entertainment,ccb3d9b0-68d4-4130-81e6-af941429563d,,Will Richard Madden be the next James Bond?,,,3308,active,2030-01-01T15:00:00Z,9.0,9.0,,
,Who will be the next James Bond?,Entertainment,882988e3-76cc-4a76-92e7-8d8676c88b50,,Will Regé-Jean Page be the next James Bond?,,,1164,active,2030-01-01T15:00:00Z,9.0,9.0,,
,Who will be the next James Bond?,Entertainment,8f551e80-fd00-48ed-9ecb-aa3ef8bdd18b,,Will Theo James be the next James Bond?,,,16002,active,2030-01-01T15:00:00Z,9.0,5.0,,
,Who will be the next James Bond?,Entertainment,324e1044-7872-4674-8881-37c08b322790,,Will Cillian Murphy be the next James Bond?,,,2698,active,2030-01-01T15:00:00Z,9.0,9.0,,
,Who will be the next James Bond?,Entertainment,5ec4e129-332c-47a5-83e9-fc3b982fae36,,Will Jonathan Bailey be the next James Bond?,,,7264,active,2030-01-01T15:00:00Z,11.0,12.0,,
,Who will be the next James Bond?,Entertainment,5f223410-a563-4a35-97eb-725d7292378c,,Will Harris Dickinson be the next James Bond?,,,19532,active,2030-01-01T15:00:00Z,10.0,10.0,,
,Who will be the next James Bond?,Entertainment,9b51bcc6-2514-4a3b-bc9a-e7ef974cc87f,,Will Jack Lowden be the next James Bond?,,,4220,active,2030-01-01T15:00:00Z,12.0,12.0,,
,Who will be the next James Bond?,Entertainment,29cb46c6-6cf7-48af-a786-5f45b9f04bd3,,Will Idris Elba be the next James Bond?,,,10732,active,2030-01-01T15:00:00Z,11.0,10.0,,
,Who will be the next James Bond?,Entertainment,74a09000-129c-45db-b4bb-29dc58ac50b4,,Will Tom Holland be the next James Bond?,,,14242,active,2030-01-01T15:00:00Z,13.0,4.0,,
,Who will be the next James Bond?,Entertainment,6fb58bab-cca3-49ed-b15e-cadc01771e2b,,Will Jacob Elordi be the next James Bond?,,,38958,active,2030-01-01T15:00:00Z,14.0,23.0,,
,Who will be the next James Bond?,Entertainment,e5d4f112-b67b-4918-90bc-8325d06655ac,,Will Charlie Hunnam be the next James Bond?,,,1160,active,2030-01-01T15:00:00Z,9.0,9.0,,
,Who will be the next James Bond?,Entertainment,ab2d1ac4-4db4-4eca-801a-694a71e8cc2e,,Will Scott Rose-Marsh be the next James Bond?,,,1440,active,2030-01-01T15:00:00Z,7.0,7.0,,
,Who will be the next James Bond?,Entertainment,66835c56-1adb-434f-816e-30149495d2e5,,Will Josh O'Connor be the next James Bond?,,,23072,active,2030-01-01T15:00:00Z,21.0,21.0,,
,Who will be the next James Bond?,Entertainment,d9c6b379-b091-415a-88f6-131c91852b19,,Will Callum Turner be the next James Bond?,,,142916,active,2030-01-01T15:00:00Z,39.0,43.0,,
