ticker,title,name,category,yes_bid,yes_ask,no_bid,no_ask,last_price,daily_change_pct,weekly_change_pct,volume_cents,volume_dollars,open_interest,close_date,days_to_resolution,expected_value_yes_pct,expected_value_no_pct,is_dip_candidate
KXELONMARS-99,"Will Elon Musk visit Mars before Aug 1, 2099?",Mars,World,7,8,93,92,8,0,14.29,88546,885.46,30838,2099-08-01T04:59:00Z,26830,1127.0,8.521739130434783,False
KXNEWPOPE-70-PPIZ,Who will the next Pope be?,Pierbattista Pizzaballa,World,4,7,96,93,7,0,0,6530,65.3,2400,2070-01-01T15:00:00Z,16027,1302.0000000000002,7.376344086021505,False
KXNEWPOPE-70-PPAR,Who will the next Pope be?,Pietro Parolin,World,6,9,94,91,6,0,-33.33,18236,182.36,7680,2070-01-01T15:00:00Z,16027,990.8888888888889,9.692307692307692,False
KXNEWPOPE-70-FAMB,Who will the next Pope be?,Fridolin Ambongo,World,3,5,97,95,6,0,20,5894,58.94,1252,2070-01-01T15:00:00Z,16027,1862.0,5.157894736842105,False
KXNEWPOPE-70-LANT,Who will the next Pope be?,Luis Antonio Tagle,World,5,8,95,92,5,-44.44,0,10462,104.62,4074,2070-01-01T15:00:00Z,16027,1127.0,8.521739130434783,True
KXNEWPOPE-70-MZUP,Who will the next Pope be?,Matteo Zuppi,World,4,8,96,92,8,0,14.29,7032,70.32000000000001,3152,2070-01-01T15:00:00Z,16027,1127.0,8.521739130434783,False
KXNEWPOPE-70-PERD,Who will the next Pope be?,Peter Erdo,World,3,6,97,94,6,20,20,10458,104.58,2432,2070-01-01T15:00:00Z,16027,1535.3333333333333,6.25531914893617,False
KXNEWPOPE-70-AARB,Who will the next Pope be?,Anders Arborelius,World,3,6,97,94,3,-50,-40,5184,51.84,1798,2070-01-01T15:00:00Z,16027,1535.3333333333333,6.25531914893617,True
KXWARMING-50,Will the world pass 2 degrees Celsius over pre-industrial levels before 2050?,Before 2050,Climate and Weather,78,81,22,19,78,0,-3.7,12658,126.58,8894,2050-01-01T04:59:00Z,8721,22.98765432098765,417.7894736842106,False
KXMARSVRAIL-50,Will a human land on Mars before California starts high-speed rail?,Before 2050,Science and Technology,23,29,77,71,29,-3.33,7.41,12224,122.24000000000001,7232,2050-01-01T04:59:00Z,8721,239.93103448275858,40.02816901408451,False
KXERUPTSUPER-0-50JAN01,When will a supervolcano next erupt?,"Before Jan 1, 2050",Climate and Weather,13,19,87,81,13,-35,-7.14,24932,249.32,9158,2050-01-01T04:59:00Z,8721,417.7894736842106,22.98765432098765,True
KXCOLONIZEMARS-50,Will humans colonize Mars before 2050?,Before 2050,Science and Technology,16,20,84,80,16,-20,-5.88,21548,215.48000000000002,16034,2050-01-01T04:59:00Z,8721,392.0,24.5,True
KXPERSONPRESMAM-45,Will  become President of the United States before 2045?,Before 2045,Politics,5,7,95,93,7,0,40,29002,290.02,13950,2045-01-29T15:00:00Z,6924,1302.0000000000002,7.376344086021505,False
KXXISUCCESSOR-45JAN01-DXUE,"Will Ding Xuexiang become the next leader of the Chinese Communist Party (CCP) before Jan 1, 2045?",Ding Xuexiang,Politics,28,29,72,71,29,0,20.83,2522,25.22,970,2045-01-01T04:59:00Z,6895,239.93103448275858,40.02816901408451,False
KXXISUCCESSOR-45JAN01-CJIN,"Will Chen Jining become the next leader of the Chinese Communist Party (CCP) before Jan 1, 2045?",Chen Jining,Politics,2,8,98,92,9,0,350,1394,13.94,1372,2045-01-01T04:59:00Z,6895,1127.0,8.521739130434783,False
KXXISUCCESSOR-45JAN01-LQIA,"Will Li Qiang become the next leader of the Chinese Communist Party (CCP) before Jan 1, 2045?",Li Qiang,Politics,14,19,86,81,21,-4.55,61.54,1826,18.26,1406,2045-01-01T04:59:00Z,6895,417.7894736842106,22.98765432098765,False
KXXISUCCESSOR-45JAN01-CQI,"Will Cai Qi become the next leader of the Chinese Communist Party (CCP) before Jan 1, 2045?",Cai Qi,Politics,7,16,93,84,9,0,12.5,666,6.66,78,2045-01-01T04:59:00Z,6895,514.5,18.666666666666664,False
KXXISUCCESSOR-45JAN01-LXI,"Will Li Xi become the next leader of the Chinese Communist Party (CCP) before Jan 1, 2045?",Li Xi,Politics,8,14,92,86,15,0,50,422,4.22,64,2045-01-01T04:59:00Z,6895,602.0,15.953488372093025,False
KXXISUCCESSOR-45JAN01-YLI,"Will Yin Li become the next leader of the Chinese Communist Party (CCP) before Jan 1, 2045?",Yin Li,Politics,0,7,100,93,6,0,500,116,1.16,94,2045-01-01T04:59:00Z,6895,1302.0000000000002,7.376344086021505,False
KXXISUCCESSOR-45JAN01-LGAN,"Will Li Ganjie become the next leader of the Chinese Communist Party (CCP) before Jan 1, 2045?",Li Ganjie,Politics,0,5,100,95,5,0,400,98,0.98,76,2045-01-01T04:59:00Z,6895,1862.0,5.157894736842105,False
KXXISUCCESSOR-45JAN01-ZLEJ,"Will Zhao Leji become the next leader of the Chinese Communist Party (CCP) before Jan 1, 2045?",Zhao Leji,Politics,7,15,93,85,14,0,100,784,7.84,428,2045-01-01T04:59:00Z,6895,555.3333333333334,17.294117647058822,False
KXXISUCCESSOR-45JAN01-WHUN,"Will Wang Huning become the next leader of the Chinese Communist Party (CCP) before Jan 1, 2045?",Wang Huning,Politics,0,6,100,94,1,0,0,50,0.5,48,2045-01-01T04:59:00Z,6895,1535.3333333333333,6.25531914893617,False
KXXISUCCESSOR-45JAN01-HLIF,"Will He Lifeng become the next leader of the Chinese Communist Party (CCP) before Jan 1, 2045?",He Lifeng,Politics,0,6,100,94,5,0,400,130,1.3,106,2045-01-01T04:59:00Z,6895,1535.3333333333333,6.25531914893617,False
KXXISUCCESSOR-45JAN01-MXIN,"Will Ma Xingrui become the next leader of the Chinese Communist Party (CCP) before Jan 1, 2045?",Ma Xingrui,Politics,0,5,100,95,5,0,400,46,0.46,44,2045-01-01T04:59:00Z,6895,1862.0,5.157894736842105,False
KXXISUCCESSOR-45JAN01-CMIN,"Will Chen Min'er become the next leader of the Chinese Communist Party (CCP) before Jan 1, 2045?",Chen Min'er,Politics,0,5,100,95,5,0,400,46,0.46,44,2045-01-01T04:59:00Z,6895,1862.0,5.157894736842105,False
KXXISUCCESSOR-45JAN01-ZGUO,"Will Zhang Guoqing become the next leader of the Chinese Communist Party (CCP) before Jan 1, 2045?",Zhang Guoqing,Politics,0,7,100,93,5,0,400,134,1.34,102,2045-01-01T04:59:00Z,6895,1302.0000000000002,7.376344086021505,False
KXXISUCCESSOR-45JAN01-YYON,"Will Yin Yong become the next leader of the Chinese Communist Party (CCP) before Jan 1, 2045?",Yin Yong,Politics,0,5,100,95,5,0,400,106,1.06,84,2045-01-01T04:59:00Z,6895,1862.0,5.157894736842105,False
KXPERSONPRESFUENTES-45,Will  become President of the United States before 2045?,Before 2045,Politics,16,18,84,82,16,-15.79,-15.79,64468,644.6800000000001,32784,2045-01-08T15:00:00Z,6903,446.4444444444444,21.51219512195122,True
KXNEXTISRAELPM-45JAN01-NBEN,Will Naftali Bennett be the next Prime Minister of Israel?,Naftali Bennett,Politics,40,45,60,55,41,7.89,-12.77,16234,162.34,4380,2045-01-01T15:00:00Z,6896,119.77777777777779,80.18181818181819,False
KXNEXTISRAELPM-45JAN01-YGAL,Will Yoav Gallant be the next Prime Minister of Israel?,Yoav Gallant,Politics,4,11,96,89,11,0,-86.42,1932,19.32,720,2045-01-01T15:00:00Z,6896,792.909090909091,12.112359550561798,False
KXNEXTISRAELPM-45JAN01-YLEV,Will Yariv Levin be the next Prime Minister of Israel?,Yariv Levin,Politics,2,6,98,94,6,0,500,1548,15.48,1468,2045-01-01T15:00:00Z,6896,1535.3333333333333,6.25531914893617,False
KXNEXTISRAELPM-45JAN01-IKAT,Will Israel Katz be the next Prime Minister of Israel?,Israel Katz,Politics,2,5,98,95,5,0,400,514,5.14,500,2045-01-01T15:00:00Z,6896,1862.0,5.157894736842105,False
KXNEXTISRAELPM-45JAN01-BGAN,Will Benny Gantz be the next Prime Minister of Israel?,Benny Gantz,Politics,4,9,96,91,7,0,250,942,9.42,532,2045-01-01T15:00:00Z,6896,990.8888888888889,9.692307692307692,False
KXNEXTISRAELPM-45JAN01-YLAP,Will Yair Lapid be the next Prime Minister of Israel?,Yair Lapid,Politics,5,10,95,90,5,0,-54.55,3272,32.72,1800,2045-01-01T15:00:00Z,6896,882.0,10.888888888888888,False
KXNEXTISRAELPM-45JAN01-GEIS,Will Gadi Eisenkot be the next Prime Minister of Israel?,Gadi Eisenkot,Politics,2,8,98,92,8,0,700,854,8.540000000000001,532,2045-01-01T15:00:00Z,6896,1127.0,8.521739130434783,False
KXNEXTISRAELPM-45JAN01-YCOH,Will Yossi Cohen be the next Prime Minister of Israel?,Yossi Cohen,Politics,4,10,96,90,3,0,0,1900,19.0,610,2045-01-01T15:00:00Z,6896,882.0,10.888888888888888,False
KXNEXTISRAELPM-45JAN01-ALIE,Will Avigdor Lieberman be the next Prime Minister of Israel?,Avigdor Lieberman,Politics,2,5,98,95,5,0,400,354,3.54,196,2045-01-01T15:00:00Z,6896,1862.0,5.157894736842105,False
KXNEXTISRAELPM-45JAN01-YGOL,Will Yair Golan be the next Prime Minister of Israel?,Yair Golan,Politics,2,7,98,93,1,0,0,1206,12.06,1150,2045-01-01T15:00:00Z,6896,1302.0000000000002,7.376344086021505,False
KXNEXTISRAELPM-45JAN01-IBEN,Will Itamar Ben-Gvir be the next Prime Minister of Israel?,Itamar Ben-Gvir,Politics,2,6,98,94,2,0,-60,1304,13.040000000000001,1304,2045-01-01T15:00:00Z,6896,1535.3333333333333,6.25531914893617,False
KXNEXTISRAELPM-45JAN01-BSMO,Will Bezalel Smotrich be the next Prime Minister of Israel?,Bezalel Smotrich,Politics,2,5,98,95,5,0,66.67,438,4.38,438,2045-01-01T15:00:00Z,6896,1862.0,5.157894736842105,False
KXNEXTIRANLEADER-45JAN01-MKHA,Will Mojtaba Khamenei be the next Supreme Leader of Iran?,Mojtaba Khamenei,Politics,19,21,81,79,21,0,-12.5,10080,100.8,6776,2045-01-01T15:00:00Z,6896,368.66666666666663,26.050632911392402,False
KXNEXTIRANLEADER-45JAN01-HKHO,Will Hassan Khomeini be the next Supreme Leader of Iran?,Hassan Khomeini,Politics,11,16,89,84,16,0,0,6560,65.6,3394,2045-01-01T15:00:00Z,6896,514.5,18.666666666666664,False
KXNEXTIRANLEADER-45JAN01-AARA,Will Alireza Arafi be the next Supreme Leader of Iran?,Alireza Arafi,Politics,1,8,99,92,8,0,0,1434,14.34,1180,2045-01-01T15:00:00Z,6896,1127.0,8.521739130434783,False
KXNEXTIRANLEADER-45JAN01-AHEJ,Will Ali Asghar Hejazi be the next Supreme Leader of Iran?,Ali Asghar Hejazi,Politics,0,4,100,96,4,0,0,76,0.76,76,2045-01-01T15:00:00Z,6896,2352.0,4.083333333333333,False
KXNEXTIRANLEADER-45JAN01-HBUS,Will Hashem Hosseini Bushehri be the next Supreme Leader of Iran?,Hashem Hosseini Bushehri,Politics,1,3,99,97,3,0,200,1358,13.58,1132,2045-01-01T15:00:00Z,6896,3168.666666666667,3.0309278350515467,False
KXNEXTIRANLEADER-45JAN01-AKHA,Will Ahmad Khatami be the next Supreme Leader of Iran?,Ahmad Khatami,Politics,1,7,99,93,6,0,500,820,8.2,728,2045-01-01T15:00:00Z,6896,1302.0000000000002,7.376344086021505,False
KXNEXTIRANLEADER-45JAN01-SLAR,Will Sadeq Amoli Larijani be the next Supreme Leader of Iran?,Sadeq Amoli Larijani,Politics,0,4,100,96,4,0,-20,110,1.1,80,2045-01-01T15:00:00Z,6896,2352.0,4.083333333333333,False
KXNEXTIRANLEADER-45JAN01-GMOH,Will Gholam-Hossein Mohseni-Eje'i be the next Supreme Leader of Iran?,Gholam-Hossein Mohseni-Eje'i,Politics,4,9,96,91,4,0,33.33,982,9.82,764,2045-01-01T15:00:00Z,6896,990.8888888888889,9.692307692307692,False
KXNEXTIRANLEADER-45JAN01-MMIR,Will Mohammad Mahdi Mirbagheri be the next Supreme Leader of Iran?,Mohammad Mahdi Mirbagheri,Politics,2,7,98,93,2,0,0,2134,21.34,2102,2045-01-01T15:00:00Z,6896,1302.0000000000002,7.376344086021505,False
KXNEXTIRANLEADER-45JAN01-MARA,Will Mohsen Araki be the next Supreme Leader of Iran?,Mohsen Araki,Politics,1,4,99,96,4,0,0,310,3.1,260,2045-01-01T15:00:00Z,6896,2352.0,4.083333333333333,False
KXNEXTIRANLEADER-45JAN01-MQOM,Will Mohsen Qomi be the next Supreme Leader of Iran?,Mohsen Qomi,Politics,1,8,99,92,1,0,-66.67,2104,21.04,1926,2045-01-01T15:00:00Z,6896,1127.0,8.521739130434783,False
KXNEXTIRANLEADER-45JAN01-ABO,Will Position abolished be the next Supreme Leader of Iran?,Position abolished,Politics,40,45,60,55,40,5.26,11.11,30714,307.14,16278,2045-01-01T15:00:00Z,6896,119.77777777777779,80.18181818181819,False
KXG7LEADEROUT-45JAN01-MCAR,Will Prime Minister of Canada be the first to leave office?,Mark Carney,Politics,0,1,100,99,1,0,-50,3344,33.44,3004,2045-01-01T15:00:00Z,6896,9702.0,0.9898989898989901,False
KXG7LEADEROUT-45JAN01-EMAC,Will President of France be the first to leave office?,Emmanuel Macron,Politics,25,26,75,74,25,0,-21.88,4642,46.42,2770,2045-01-01T15:00:00Z,6896,278.9230769230769,34.432432432432435,False
KXG7LEADEROUT-45JAN01-DJT,Will President of the United States be the first to leave office?,Donald Trump,Politics,3,6,97,94,6,0,100,4376,43.76,3416,2045-01-01T15:00:00Z,6896,1535.3333333333333,6.25531914893617,False
KXG7LEADEROUT-45JAN01-GMEL,Will Prime Minister of Italy be the first to leave office?,Giorgia Meloni,Politics,1,4,99,96,4,0,300,3232,32.32,2244,2045-01-01T15:00:00Z,6896,2352.0,4.083333333333333,False
KXG7LEADEROUT-45JAN01-FMER,Will Chancellor of Germany be the first to leave office?,Friedrich Merz,Politics,0,5,100,95,5,400,400,4116,41.160000000000004,3954,2045-01-01T15:00:00Z,6896,1862.0,5.157894736842105,False
KXG7LEADEROUT-45JAN01-STAK,Will Prime Minister of Japan be the first to leave office?,Sanae Takaichi,Politics,1,3,99,97,3,0,-66.67,5208,52.08,2462,2045-01-01T15:00:00Z,6896,3168.666666666667,3.0309278350515467,False
KXG7LEADEROUT-45JAN01-KSTA,Will Prime Minister of the United Kingdom be the first to leave office?,Keir Starmer,Politics,66,69,34,31,65,0,10.17,16604,166.04,12326,2045-01-01T15:00:00Z,6896,44.028985507246375,218.1290322580645,False
KXRAMPBREX-40-RAMP,Will Ramp or Brex IPO first?,Ramp,Financials,91,98,9,2,96,0,3.23,8716,87.16,5434,2040-01-01T04:59:00Z,5068,1.9999999999999998,4802.0,False
KXRAMPBREX-40-BREX,Will Ramp or Brex IPO first?,Brex,Financials,0,3,100,97,3,200,-72.73,13320,133.2,5586,2040-01-01T04:59:00Z,5068,3168.666666666667,3.0309278350515467,False
KXOAIANTH-40-OAI,Will OpenAI or Anthropic IPO first?,,Financials,41,43,59,57,44,7.32,7.32,42166,421.66,19248,2040-01-01T04:59:00Z,5068,129.90697674418604,73.9298245614035,False
KXOAIANTH-40-ANTH,Will Open AI or Anthropic IPO first?,,Financials,65,69,35,31,65,0,12.07,44552,445.52,19260,2040-01-01T04:59:00Z,5068,44.028985507246375,218.1290322580645,False
KXFUSION-30-JAN01,When will nuclear fusion be achieved?,Before 2030,Science and Technology,43,45,57,55,47,0,0,26744,267.44,19176,2030-01-01T04:59:00Z,1416,119.77777777777779,80.18181818181819,False
KXFUSION-35-JAN01,When will nuclear fusion be achieved?,Before 2035,Science and Technology,46,49,54,51,46,0,-4.17,5618,56.18,3420,2035-01-01T04:59:00Z,3242,102.0,94.15686274509804,False
KXFUSION-40-JAN01,When will nuclear fusion be achieved?,Before 2040,Science and Technology,53,56,47,44,53,0,0,10508,105.08,8218,2040-01-01T04:59:00Z,5068,77.0,124.72727272727273,False
KXDEELRIP-40-DEEL,Will Deel or Rippling IPO first?,Deel,Financials,76,82,24,18,76,0,-7.32,5082,50.82,3748,2040-01-01T04:59:00Z,5068,21.51219512195122,446.4444444444444,False
KXDEELRIP-40-RIPP,Will Deel or Rippling IPO first?,Rippling,Financials,18,23,82,77,24,0,9.09,2872,28.72,1444,2040-01-01T04:59:00Z,5068,328.0869565217392,29.272727272727273,False
KXPOPCHANGESTATE10-35,Will  experience a population decrease of at least 10% between 2025 and 2035?,,Social,12,18,88,82,11,0,-8.33,1054,10.540000000000001,826,2036-12-30T15:00:00Z,3972,446.4444444444444,21.51219512195122,False
KXEARTHQUAKECALIFORNIA-35,Will there be an at least 8.0 magnitude earthquake in California before 2035?,Before 2035,Climate and Weather,19,25,81,75,25,0,31.58,35206,352.06,26102,2035-12-31T04:59:00Z,3606,294.0,32.666666666666664,False
KXROBOTMARS-35,Will a humanoid robot walk on Mars before a human does?,Before 2035,Science and Technology,46,49,54,51,49,0,2.08,65642,656.42,32152,2035-01-01T15:00:00Z,3243,102.0,94.15686274509804,False
KXPERFORMBONDSONG-35-DUA,Who will perform the next James Bond Song?,,Entertainment,29,31,71,69,34,0,0,12624,126.24000000000001,8128,2035-01-01T15:00:00Z,3243,218.1290322580645,44.028985507246375,False
KXPERFORMBONDSONG-35-LAN,Who will perform the next James Bond Song?,,Entertainment,17,24,83,76,17,0,-37.04,5644,56.44,2874,2035-01-01T15:00:00Z,3243,310.3333333333333,30.94736842105263,False
KXPERFORMBONDSONG-35-LAD,Who will perform the next James Bond Song?,,Entertainment,1,8,99,92,2,0,0,714,7.140000000000001,706,2035-01-01T15:00:00Z,3243,1127.0,8.521739130434783,False
KXPERFORMBONDSONG-35-ARI,Who will perform the next James Bond Song?,,Entertainment,0,6,100,94,1,0,0,120,1.2,92,2035-01-01T15:00:00Z,3243,1535.3333333333333,6.25531914893617,False
KXPERFORMBONDSONG-35-WEE,Who will perform the next James Bond Song?,,Entertainment,3,11,97,89,2,0,-50,1276,12.76,1196,2035-01-01T15:00:00Z,3243,792.909090909091,12.112359550561798,False
KXPERFORMBONDSONG-35-SZA,Who will perform the next James Bond Song?,,Entertainment,2,8,98,92,7,0,0,238,2.38,214,2035-01-01T15:00:00Z,3243,1127.0,8.521739130434783,False
KXPERFORMBONDSONG-35-TAY,Who will perform the next James Bond Song?,,Entertainment,0,6,100,94,5,0,0,400,4.0,400,2035-01-01T15:00:00Z,3243,1535.3333333333333,6.25531914893617,False
KXPERFORMBONDSONG-35-SAM,Who will perform the next James Bond Song?,,Entertainment,0,7,100,93,6,0,0,152,1.52,116,2035-01-01T15:00:00Z,3243,1302.0000000000002,7.376344086021505,False
KXPERFORMBONDSONG-35-HAR,Who will perform the next James Bond Song?,,Entertainment,1,8,99,92,9,0,0,448,4.48,424,2035-01-01T15:00:00Z,3243,1127.0,8.521739130434783,False
KXPERFORMBONDSONG-35-ED,Who will perform the next James Bond Song?,,Entertainment,0,8,100,92,8,0,0,286,2.86,262,2035-01-01T15:00:00Z,3243,1127.0,8.521739130434783,False
KXPERFORMBONDSONG-35-COL,Who will perform the next James Bond Song?,,Entertainment,0,5,100,95,3,0,0,54,0.54,26,2035-01-01T15:00:00Z,3243,1862.0,5.157894736842105,False
KXPERFORMBONDSONG-35-U2,Who will perform the next James Bond Song?,,Entertainment,0,6,100,94,4,0,0,38,0.38,34,2035-01-01T15:00:00Z,3243,1535.3333333333333,6.25531914893617,False
KXPERFORMBONDSONG-35-BEY,Who will perform the next James Bond Song?,,Entertainment,0,4,100,96,4,0,0,102,1.02,78,2035-01-01T15:00:00Z,3243,2352.0,4.083333333333333,False
KXPERFORMBONDSONG-35-ELT,Who will perform the next James Bond Song?,,Entertainment,0,6,100,94,4,0,0,28,0.28,28,2035-01-01T15:00:00Z,3243,1535.3333333333333,6.25531914893617,False
KXPERFORMBONDSONG-35-LEW,Who will perform the next James Bond Song?,,Entertainment,1,6,99,94,5,0,0,28,0.28,28,2035-01-01T15:00:00Z,3243,1535.3333333333333,6.25531914893617,False
KXPERFORMBONDSONG-35-LOR,Who will perform the next James Bond Song?,,Entertainment,1,9,99,91,1,0,0,644,6.44,604,2035-01-01T15:00:00Z,3243,990.8888888888889,9.692307692307692,False
KXPERFORMBONDSONG-35-CHA,Who will perform the next James Bond Song?,,Entertainment,0,7,100,93,6,0,500,266,2.66,214,2035-01-01T15:00:00Z,3243,1302.0000000000002,7.376344086021505,False
KXPERFORMBONDSONG-35-SAB,Who will perform the next James Bond Song?,,Entertainment,2,8,98,92,8,0,33.33,548,5.48,380,2035-01-01T15:00:00Z,3243,1127.0,8.521739130434783,False
KXPERFORMBONDSONG-35-MIL,Who will perform the next James Bond Song?,,Entertainment,1,8,99,92,5,0,0,162,1.62,142,2035-01-01T15:00:00Z,3243,1127.0,8.521739130434783,False
KXPERFORMBONDSONG-35-OLI,Who will perform the next James Bond Song?,Olivia Dean,Entertainment,15,21,85,79,22,0,0,232,2.32,192,2035-01-01T15:00:00Z,3243,368.66666666666663,26.050632911392402,False
KXPERFORMBONDSONG-35-OAS,Who will perform the next James Bond Song?,Oasis,Entertainment,17,23,83,77,24,0,0,4374,43.74,1414,2035-01-01T15:00:00Z,3243,328.0869565217392,29.272727272727273,False
KXNEWPOPE-35-PPAR,Who will the next Pope be?,Pietro Parolin,World,12,16,88,84,16,0,45.45,8044,80.44,1606,2035-01-01T15:00:00Z,3243,514.5,18.666666666666664,False
KXNEWPOPE-35-PERD,Who will the next Pope be?,Peter ErdÃ¶,World,1,5,99,95,5,0,400,2998,29.98,710,2035-01-01T15:00:00Z,3243,1862.0,5.157894736842105,False
KXNEWPOPE-35-LANT,Who will the next Pope be?,Luis Antonio Tagle,World,7,13,93,87,13,0,116.67,1928,19.28,1400,2035-01-01T15:00:00Z,3243,655.8461538461539,14.64367816091954,False
KXNEWPOPE-35-MZUP,Who will the next Pope be?,Matteo Zuppi,World,1,4,99,96,4,0,300,2382,23.82,906,2035-01-01T15:00:00Z,3243,2352.0,4.083333333333333,False
KXNEWPOPE-35-RLEO,Who will the next Pope be?,Raymond Leo Burke,World,1,4,99,96,4,0,300,1240,12.4,476,2035-01-01T15:00:00Z,3243,2352.0,4.083333333333333,False
KXJOHNNYDEPP-35-JOH,Will Johnny Depp be casted in the next Pirates of the Caribbean?,,Entertainment,47,50,53,50,51,0,2,26114,261.14,15054,2035-01-01T15:00:00Z,3243,98.0,98.0,False
KXBRUVSEAT-35,"Will Britain Restoring Underlying Values (""BRUV"") win a seat in the next U.K. general election?",Before 2035,Elections,0,3,100,97,4,0,300,30738,307.38,29968,2035-01-01T15:00:00Z,3243,3168.666666666667,3.0309278350515467,False
KXAFRICALEADEROUT-35-WR,Will William Ruto leave office next in this set?,,Politics,10,11,90,89,10,0,0,712,7.12,284,2035-01-01T15:00:00Z,3243,792.909090909091,12.112359550561798,False
KXAFRICALEADEROUT-35-CR,Will Cyril Ramaphosa leave office next in this set?,,Politics,2,8,98,92,8,0,0,556,5.5600000000000005,512,2035-01-01T15:00:00Z,3243,1127.0,8.521739130434783,False
KXAFRICALEADEROUT-35-AFES,Will Abdel Fattah el-Sisi leave office next in this set?,,Politics,2,8,98,92,2,0,0,44,0.44,20,2035-01-01T15:00:00Z,3243,1127.0,8.521739130434783,False
KXAFRICALEADEROUT-35-PK,Will Paul Kagame leave office next in this set?,,Politics,0,5,100,95,5,0,400,240,2.4,238,2035-01-01T15:00:00Z,3243,1862.0,5.157894736842105,False
KXAFRICALEADEROUT-35-TAS,Will Taye Atske Selassie leave office next in this set?,,Politics,1,5,99,95,5,0,0,98,0.98,96,2035-01-01T15:00:00Z,3243,1862.0,5.157894736842105,False
KXAFRICALEADEROUT-35-BT,Will Bola Tinubu leave office next in this set?,,Politics,27,32,73,68,32,0,0,434,4.34,402,2035-01-01T15:00:00Z,3243,208.25,46.11764705882353,False
KXAFRICALEADEROUT-35-FT,Will FÃ©lix Tshisekedi leave office next in this set?,,Politics,13,18,87,82,18,0,20,7036,70.36,6018,2035-01-01T15:00:00Z,3243,446.4444444444444,21.51219512195122,False
KXAFRICALEADEROUT-35-EM,Will Emmerson Mnangagwa leave office next in this set?,,Politics,12,17,88,83,17,0,0,1022,10.22,708,2035-01-01T15:00:00Z,3243,478.47058823529414,20.072289156626503,False
KXAFRICALEADEROUT-35-JM,Will John Mahama leave office next in this set?,,Politics,2,7,98,93,8,0,0,56,0.56,52,2035-01-01T15:00:00Z,3243,1302.0000000000002,7.376344086021505,False
KXAFRICALEADEROUT-35-AT,Will Abdelmadjid Tebboune leave office next in this set?,,Politics,2,7,98,93,8,0,0,50,0.5,46,2035-01-01T15:00:00Z,3243,1302.0000000000002,7.376344086021505,False
KXACTORSONNYCROCKETT-35-RYA,Will Ryan Gosling be casted in the next Miami Vice?,Ryan Gosling,Entertainment,14,22,86,78,23,0,0,2518,25.18,1766,2035-01-01T15:00:00Z,3243,347.45454545454544,27.641025641025642,False
KXACTORSONNYCROCKETT-35-OSC,Will Oscar Isaac be casted in the next Miami Vice?,Oscar Isaac,Entertainment,1,11,99,89,11,0,0,22,0.22,22,2035-01-01T15:00:00Z,3243,792.909090909091,12.112359550561798,False
KXACTORSONNYCROCKETT-35-JAK,Will Jake Gyllenhaal be casted in the next Miami Vice?,Jake Gyllenhaal,Entertainment,1,11,99,89,11,0,0,110,1.1,34,2035-01-01T15:00:00Z,3243,792.909090909091,12.112359550561798,False
KXACTORSONNYCROCKETT-35-PED,Will Pedro Pascal be casted in the next Miami Vice?,Pedro Pascal,Entertainment,3,14,97,86,15,0,0,992,9.92,550,2035-01-01T15:00:00Z,3243,602.0,15.953488372093025,False
KXACTORSONNYCROCKETT-35-MIL,Will Miles Teller be casted in the next Miami Vice?,Miles Teller,Entertainment,1,11,99,89,11,0,0,16,0.16,16,2035-01-01T15:00:00Z,3243,792.909090909091,12.112359550561798,False
KXACTORSONNYCROCKETT-35-GLE,Will Glen Powell be casted in the next Miami Vice?,Glen Powell,Entertainment,28,37,72,63,37,0,-2.63,5712,57.120000000000005,2256,2035-01-01T15:00:00Z,3243,166.86486486486484,57.55555555555556,False
KXACTORSONNYCROCKETT-35-TAY,Will Taylor Kitsch be casted in the next Miami Vice?,Taylor Kitsch,Entertainment,1,11,99,89,1,0,0,460,4.6000000000000005,60,2035-01-01T15:00:00Z,3243,792.909090909091,12.112359550561798,False
KXACTORSONNYCROCKETT-35-TOM,Will Tom Hardy be casted in the next Miami Vice?,Tom Hardy,Entertainment,11,12,89,88,12,0,1100,640,6.4,176,2035-01-01T15:00:00Z,3243,718.6666666666666,13.363636363636363,False
KXACTORSONNYCROCKETT-35-RIC,Will Richard Madden be casted in the next Miami Vice?,Richard Madden,Entertainment,1,12,99,88,11,0,0,100,1.0,100,2035-01-01T15:00:00Z,3243,718.6666666666666,13.363636363636363,False
KXACTORSONNYCROCKETT-35-GAR,Will Garrett Hedlund be casted in the next Miami Vice?,Garrett Hedlund,Entertainment,1,11,99,89,0,0,0,0,0.0,0,2035-01-01T15:00:00Z,3243,792.909090909091,12.112359550561798,False
KXFDATYPE1DIABETES-33,Will the FDA approve a cure for Type 1 Diabetes before 2033?,Before 2033,Health,33,40,67,60,34,-17.07,-17.07,10390,103.9,7912,2033-01-01T04:59:00Z,2512,147.0,65.33333333333333,True
EUCLIMATE-2030,Will the EU meet its climate goals?,By 2030,Climate and Weather,46,53,54,47,45,-16.67,-15.09,4894,48.94,1788,2032-12-31T15:00:00Z,2512,86.9056603773585,110.51063829787233,True
INDIACLIMATE-30,Will India meet its climate goals?,By 2030,Climate and Weather,72,75,28,25,78,2.63,5.41,11316,113.16,4746,2031-12-31T15:00:00Z,2146,32.666666666666664,294.0,False
KXNEXTSPEAKER-31-HJEF,Will Hakeem Jeffries be the next Speaker of the House?,Hakeem Jeffries,Politics,73,75,27,25,78,0,2.63,12800,128.0,2380,2031-01-01T15:00:00Z,1782,32.666666666666664,294.0,False
KXNEXTSPEAKER-31-JJOR,Will Jim Jordan be the next Speaker of the House?,Jim Jordan,Politics,10,14,90,86,14,0,0,1430,14.3,118,2031-01-01T15:00:00Z,1782,602.0,15.953488372093025,False
KXNEXTSPEAKER-31-SSCA,Will Steve Scalise be the next Speaker of the House?,Steve Scalise,Politics,11,14,89,86,17,0,0,772,7.72,628,2031-01-01T15:00:00Z,1782,602.0,15.953488372093025,False
KXMOONMAN-31-USA,Which country will be the next to send humans to the Moon?,United States,Science and Technology,61,66,39,34,60,-13.04,-16.67,92612,926.12,51722,2031-01-01T15:00:00Z,1782,50.484848484848484,190.23529411764707,True
KXMOONMAN-31-R,Which country will be the next to send humans to the Moon?,Russia,Science and Technology,2,7,98,93,7,0,250,7066,70.66,4706,2031-01-01T15:00:00Z,1782,1302.0000000000002,7.376344086021505,False
KXMOONMAN-31-I,Which country will be the next to send humans to the Moon?,India,Science and Technology,4,6,96,94,6,0,20,5314,53.14,3422,2031-01-01T15:00:00Z,1782,1535.3333333333333,6.25531914893617,False
KXMOONMAN-31-PRC,Which country will be the next to send humans to the Moon?,China,Science and Technology,29,34,71,66,34,17.24,13.33,52244,522.44,30758,2031-01-01T15:00:00Z,1782,190.23529411764707,50.484848484848484,False
KXMOONMAN-31-E,Which country will be the next to send humans to the Moon?,European Space Agency,Science and Technology,3,6,97,94,5,0,0,4794,47.94,2352,2031-01-01T15:00:00Z,1782,1535.3333333333333,6.25531914893617,False
USCLIMATE-2025,Will the US meet its climate goals?,By 2025,Climate and Weather,4,6,96,94,4,0,100,78026,780.26,14304,2030-12-31T15:00:00Z,1781,1535.3333333333333,6.25531914893617,False
USCLIMATE-2030,Will the US meet its climate goals?,By 2030,Climate and Weather,17,23,83,77,24,60,14.29,9716,97.16,3718,2035-12-31T15:00:00Z,3607,328.0869565217392,29.272727272727273,False
KXTVSEASONRELEASETHELASTOFUS-26-APR,"When will ""The Last of Us"" Season 3 be released?",Before Apr 2026,Entertainment,1,2,99,98,2,0,0,4720,47.2,1436,2026-04-01T14:00:00Z,45,4802.0,1.9999999999999998,False
KXTVSEASONRELEASETHELASTOFUS-26-JUL,"When will ""The Last of Us"" Season 3 be released?",Before Jul 2026,Entertainment,2,6,98,94,7,250,75,1764,17.64,846,2026-07-01T14:00:00Z,136,1535.3333333333333,6.25531914893617,False
KXTVSEASONRELEASETHELASTOFUS-26-OCT,"When will ""The Last of Us"" Season 3 be released?",Before Oct 2026,Entertainment,2,8,98,92,8,300,0,2492,24.92,1486,2026-10-01T14:00:00Z,228,1127.0,8.521739130434783,False
KXTVSEASONRELEASETHELASTOFUS-27-JAN,"When will ""The Last of Us"" Season 3 be released?",Before Jan 2027,Entertainment,14,18,86,82,15,-21.05,0,1256,12.56,722,2027-01-01T15:00:00Z,321,446.4444444444444,21.51219512195122,True
KXTVSEASONRELEASETHELASTOFUS-27-APR,"When will ""The Last of Us"" Season 3 be released?",Before Apr 2027,Entertainment,26,33,74,67,26,0,-21.21,2772,27.72,1894,2027-04-01T14:00:00Z,410,198.96969696969697,48.26865671641791,False
KXTVSEASONRELEASETHELASTOFUS-27-JUL,"When will ""The Last of Us"" Season 3 be released?",Before Jul 2027,Entertainment,47,52,53,48,50,0,-1.96,7866,78.66,7422,2027-07-01T14:00:00Z,501,90.46153846153845,106.16666666666666,False
KXTVSEASONRELEASETHELASTOFUS-28-JAN,"When will ""The Last of Us"" Season 3 be released?",Before Jan 2028,Entertainment,74,81,26,19,82,0,1.23,430,4.3,78,2028-01-01T15:00:00Z,686,22.98765432098765,417.7894736842106,False
KXPRIMEENGCONSUMPTION-30-BIOMASS,What will be the largest source of global primary energy consumption in 2030?,Traditional biomass,Climate and Weather,0,2,100,98,2,0,100,1826,18.26,1000,2032-12-30T15:00:00Z,2511,4802.0,1.9999999999999998,False
KXPRIMEENGCONSUMPTION-30-OIL,What will be the largest source of global primary energy consumption in 2030?,Oil,Climate and Weather,38,43,62,57,44,15.79,4.76,50864,508.64,15488,2032-12-30T15:00:00Z,2511,129.90697674418604,73.9298245614035,False
KXPRIMEENGCONSUMPTION-30-COAL,What will be the largest source of global primary energy consumption in 2030?,Coal,Climate and Weather,28,33,72,67,33,0,0,3748,37.480000000000004,2768,2032-12-30T15:00:00Z,2511,198.96969696969697,48.26865671641791,False
KXPRIMEENGCONSUMPTION-30-GAS,What will be the largest source of global primary energy consumption in 2030?,Gas,Climate and Weather,12,18,88,82,20,0,0,2018,20.18,938,2032-12-30T15:00:00Z,2511,446.4444444444444,21.51219512195122,False
KXPRIMEENGCONSUMPTION-30-NUCLEAR,What will be the largest source of global primary energy consumption in 2030?,Nuclear,Climate and Weather,4,10,96,90,10,150,0,15010,150.1,11756,2032-12-30T15:00:00Z,2511,882.0,10.888888888888888,False
KXPRIMEENGCONSUMPTION-30-HYDROPOWER,What will be the largest source of global primary energy consumption in 2030?,Hydropower,Climate and Weather,1,4,99,96,5,0,25,5572,55.72,5344,2032-12-30T15:00:00Z,2511,2352.0,4.083333333333333,False
KXPRIMEENGCONSUMPTION-30-WIND,What will be the largest source of global primary energy consumption in 2030?,Wind,Climate and Weather,0,3,100,97,3,0,-25,6846,68.46000000000001,6042,2032-12-30T15:00:00Z,2511,3168.666666666667,3.0309278350515467,False
KXPRIMEENGCONSUMPTION-30-SOLAR,What will be the largest source of global primary energy consumption in 2030?,Solar,Climate and Weather,6,7,94,93,7,16.67,-12.5,25312,253.12,17220,2032-12-30T15:00:00Z,2511,1302.0000000000002,7.376344086021505,False
KXPRIMEENGCONSUMPTION-30-RENEWABLE,What will be the largest source of global primary energy consumption in 2030?,Other renewables,Climate and Weather,1,3,99,97,1,0,0,3850,38.5,2860,2032-12-30T15:00:00Z,2511,3168.666666666667,3.0309278350515467,False
KXPRIMEENGCONSUMPTION-30-BIOFUEL,What will be the largest source of global primary energy consumption in 2030?,Modern biofuels,Climate and Weather,1,2,99,98,2,0,100,3374,33.74,2044,2032-12-30T15:00:00Z,2511,4802.0,1.9999999999999998,False
KXACTORTOMCRUZ-30-TOM,Will Tom Cruise be cast in a Film With Ana de Armas?,Tom Cruise,Entertainment,38,44,62,56,38,0,-13.64,716,7.16,220,2030-12-31T15:00:00Z,1781,124.72727272727273,77.0,False
KXINDIANAPOWELL-30-GLE,Will Glen Powell be cast in the next Indiana Jones movie?,Glen Powell,Entertainment,25,29,75,71,25,0,0,1952,19.52,920,2030-10-01T14:00:00Z,1689,239.93103448275858,40.02816901408451,False
KXCANADACUP-30,Will a Canadian team win the pro hockey championship by the end of the 2030 season?,Before 2031,Sports,66,69,34,31,63,0,-7.35,2608,26.080000000000002,870,2030-06-30T03:59:00Z,1596,44.028985507246375,218.1290322580645,False
KXTIMEDECADE20S-30-VZEL,Who will Time name as Person of the Decade?,Volodymyr Zelenskyy,Politics,11,16,89,84,15,0,25,9290,92.9,4314,2030-01-31T15:00:00Z,1447,514.5,18.666666666666664,False
KXTIMEDECADE20S-30-EMUS,Who will Time name as Person of the Decade?,Elon Musk,Politics,32,35,68,65,30,0,-14.29,24010,240.1,8716,2030-01-31T15:00:00Z,1447,182.0,52.76923076923077,False
KXTIMEDECADE20S-30-SALT,Who will Time name as Person of the Decade?,Sam Altman,Politics,8,12,92,88,8,0,0,4258,42.58,2440,2030-01-31T15:00:00Z,1447,718.6666666666666,13.363636363636363,False
KXTIMEDECADE20S-30-JHUA,Who will Time name as Person of the Decade?,Jensen Huang,Politics,6,10,94,90,6,0,0,2104,21.04,866,2030-01-31T15:00:00Z,1447,882.0,10.888888888888888,False
KXTIMEDECADE20S-30-XJIN,Who will Time name as Person of the Decade?,Xi Jinping,Politics,7,11,93,89,7,0,-12.5,2310,23.1,1050,2030-01-31T15:00:00Z,1447,792.909090909091,12.112359550561798,False
KXTIMEDECADE20S-30-TAY,Who will Time name as Person of the Decade?,Taylor Swift,Politics,10,16,90,84,17,0,112.5,6200,62.0,3986,2030-01-31T15:00:00Z,1447,514.5,18.666666666666664,False
EVSHARE-30JAN-10,EV market share in 2030?,Above 10%,Climate and Weather,88,95,12,5,95,7.95,1.06,2182,21.82,590,2030-05-01T15:00:00Z,1537,5.157894736842105,1862.0,False
EVSHARE-30JAN-20,EV market share in 2030?,Above 20%,Climate and Weather,66,72,34,28,66,0,-1.49,11474,114.74000000000001,7706,2030-05-01T15:00:00Z,1537,38.111111111111114,252.0,False
EVSHARE-30JAN-30,EV market share in 2030?,Above 30%,Climate and Weather,45,50,55,50,51,-5.56,10.87,15074,150.74,4348,2030-05-01T15:00:00Z,1537,98.0,98.0,False
EVSHARE-30JAN-50,EV market share in 2030?,Above 50%,Climate and Weather,21,25,79,75,22,-12,-12,12870,128.7,6486,2030-05-01T15:00:00Z,1537,294.0,32.666666666666664,True
KXU3MAX-30-5,How high will unemployment get before 2030?,Above 5%,Economics,95,96,5,4,95,2.15,7.95,1020,10.200000000000001,324,2030-01-04T13:25:00Z,1419,4.083333333333333,2352.0,False
KXU3MAX-30-6,How high will unemployment get before 2030?,Above 6%,Economics,81,87,19,13,87,8.75,7.41,768,7.68,384,2030-01-04T13:25:00Z,1419,14.64367816091954,655.8461538461539,False
KXU3MAX-30-7,How high will unemployment get before 2030?,Above 7%,Economics,67,75,33,25,74,0,10.45,480,4.8,238,2030-01-04T13:25:00Z,1419,32.666666666666664,294.0,False
KXU3MAX-30-8,How high will unemployment get before 2030?,Above 8%,Economics,56,60,44,40,56,0,-1.75,1152,11.52,416,2030-01-04T13:25:00Z,1419,65.33333333333333,147.0,False
KXU3MAX-30-9,How high will unemployment get before 2030?,Above 9%,Economics,51,52,49,48,43,0,0,4694,46.94,1556,2030-01-04T13:25:00Z,1419,90.46153846153845,106.16666666666666,False
KXU3MAX-30-10,How high will unemployment get before 2030?,Above 10%,Economics,34,40,66,60,40,0,17.65,4818,48.18,4080,2030-01-04T13:25:00Z,1419,147.0,65.33333333333333,False
KXU3MAX-30-12,How high will unemployment get before 2030?,Above 12%,Economics,21,29,79,71,29,0,31.82,742,7.42,630,2030-01-04T13:25:00Z,1419,239.93103448275858,40.02816901408451,False
KXU3MAX-30-15,How high will unemployment get before 2030?,Above 15%,Economics,16,24,84,76,23,0,43.75,658,6.58,322,2030-01-04T13:25:00Z,1419,310.3333333333333,30.94736842105263,False
KXU3MAX-30-17,How high will unemployment get before 2030?,Above 17%,Economics,12,20,88,80,13,0,0,520,5.2,150,2030-01-04T13:25:00Z,1419,392.0,24.5,False
KXU3MAX-30-20,How high will unemployment get before 2030?,Above 20%,Economics,9,17,91,83,10,0,11.11,598,5.98,176,2030-01-04T13:25:00Z,1419,478.47058823529414,20.072289156626503,False
KXPERFORMROLEBRITNEY-MAR,Will Margot Robbie perform as Britney Spears in Britney Spears Biopic directed by Jon M. Chu?,Margot Robbie,Entertainment,0,11,100,89,10,0,0,150,1.5,150,2031-01-01T15:00:00Z,1782,792.909090909091,12.112359550561798,False
KXPERFORMROLEBRITNEY-ADD,Will Addison Rae perform as Britney Spears in Britney Spears Biopic directed by Jon M. Chu?,Addison Rae,Entertainment,1,11,99,89,0,0,0,0,0.0,0,2031-01-01T15:00:00Z,1782,792.909090909091,12.112359550561798,False
KXPERFORMROLEBRITNEY-MIL,Will Millie Bobby Brown perform as Britney Spears in Britney Spears Biopic directed by Jon M. Chu?,Millie Bobby Brown,Entertainment,0,10,100,90,10,0,0,70,0.7000000000000001,70,2031-01-01T15:00:00Z,1782,882.0,10.888888888888888,False
KXPERFORMROLEBRITNEY-OLI,Will Olivia Holt perform as Britney Spears in Britney Spears Biopic directed by Jon M. Chu?,Olivia Holt,Entertainment,20,29,80,71,19,0,5.56,610,6.1000000000000005,590,2031-01-01T15:00:00Z,1782,239.93103448275858,40.02816901408451,False
KXPERFORMROLEBRITNEY-EMM,Will Emma Roberts perform as Britney Spears in Britney Spears Biopic directed by Jon M. Chu?,Emma Roberts,Entertainment,4,14,96,86,14,0,0,228,2.2800000000000002,228,2031-01-01T15:00:00Z,1782,602.0,15.953488372093025,False
KXPERFORMROLEBRITNEY-FLO,Will Florence Pugh perform as Britney Spears in Britney Spears Biopic directed by Jon M. Chu?,Florence Pugh,Entertainment,1,11,99,89,9,0,0,222,2.22,222,2031-01-01T15:00:00Z,1782,792.909090909091,12.112359550561798,False
KXPERFORMROLEBRITNEY-SYD,Will Sydney Sweeney perform as Britney Spears in Britney Spears Biopic directed by Jon M. Chu?,Sydney Sweeney,Entertainment,0,10,100,90,9,0,0,124,1.24,124,2031-01-01T15:00:00Z,1782,882.0,10.888888888888888,False
KXPERFORMROLEBRITNEY-SAB,Will Sabrina Carpenter perform as Britney Spears in Britney Spears Biopic directed by Jon M. Chu?,Sabrina Carpenter,Entertainment,7,16,93,84,16,0,0,332,3.3200000000000003,332,2031-01-01T15:00:00Z,1782,514.5,18.666666666666664,False
KXPERFORMROLEBRITNEY-CHL,Will ChloÃ« Grace Moretz perform as Britney Spears in Britney Spears Biopic directed by Jon M. Chu?,ChloÃ« Grace Moretz,Entertainment,2,12,98,88,0,0,0,0,0.0,0,2031-01-01T15:00:00Z,1782,718.6666666666666,13.363636363636363,False
KXPERFORMROLEBRITNEY-ANY,Will Anya Taylor-Joy perform as Britney Spears in Britney Spears Biopic directed by Jon M. Chu?,Anya Taylor-Joy,Entertainment,0,10,100,90,0,0,0,0,0.0,0,2031-01-01T15:00:00Z,1782,882.0,10.888888888888888,False
KXPERFORMROLE007-VILLAIN-PET,Will Peter Dinklage perform as Villain in the next James Bond film?,Peter Dinklage,Entertainment,7,21,93,79,21,0,-4.55,702,7.0200000000000005,702,2031-01-01T15:00:00Z,1782,368.66666666666663,26.050632911392402,False
KXPERFORMROLE007-VILLAIN-ROS,Will Rosamund Pike perform as Villain in the next James Bond film?,Rosamund Pike,Entertainment,2,18,98,82,18,0,0,22,0.22,22,2031-01-01T15:00:00Z,1782,446.4444444444444,21.51219512195122,False
KXPERFORMROLE007-VILLAIN-IDR,Will Idris Elba perform as Villain in the next James Bond film?,Idris Elba,Entertainment,7,23,93,77,23,0,0,16,0.16,16,2031-01-01T15:00:00Z,1782,328.0869565217392,29.272727272727273,False
KXPERFORMROLE007-VILLAIN-BAR,Will Barry Keoghan perform as Villain in the next James Bond film?,Barry Keoghan,Entertainment,0,14,100,86,0,0,0,0,0.0,0,2031-01-01T15:00:00Z,1782,602.0,15.953488372093025,False
KXPERFORMROLE007-VILLAIN-CIL,Will Cillian Murphy perform as Villain in the next James Bond film?,Cillian Murphy,Entertainment,16,29,84,71,30,0,7.14,194,1.94,194,2031-01-01T15:00:00Z,1782,239.93103448275858,40.02816901408451,False
KXPERFORMROLE007-VILLAIN-OSC,Will Oscar Isaac perform as Villain in the next James Bond film?,Oscar Isaac,Entertainment,4,20,96,80,0,0,0,0,0.0,0,2031-01-01T15:00:00Z,1782,392.0,24.5,False
KXPERFORMROLE007-VILLAIN-ADA,Will Adam Driver perform as Villain in the next James Bond film?,Adam Driver,Entertainment,0,16,100,84,15,0,0,62,0.62,62,2031-01-01T15:00:00Z,1782,514.5,18.666666666666664,False
KXPERFORMROLE007-Q-BEN,Will Ben Whishaw perform as Q in the next James Bond film?,Ben Whishaw,Entertainment,22,38,78,62,0,0,0,0,0.0,0,2031-01-01T15:00:00Z,1782,159.89473684210526,60.064516129032256,False
KXPERFORMROLE007-Q-DEV,Will Dev Patel perform as Q in the next James Bond film?,Dev Patel,Entertainment,7,23,93,77,0,0,0,0,0.0,0,2031-01-01T15:00:00Z,1782,328.0869565217392,29.272727272727273,False
KXPERFORMROLE007-Q-RIC,Will Richard Ayoade perform as Q in the next James Bond film?,Richard Ayoade,Entertainment,7,20,93,80,20,0,0,100,1.0,100,2031-01-01T15:00:00Z,1782,392.0,24.5,False
KXPERFORMROLE007-Q-AND,Will Andrew Scott perform as Q in the next James Bond film?,Andrew Scott,Entertainment,12,28,88,72,0,0,0,0,0.0,0,2031-01-01T15:00:00Z,1782,252.0,38.111111111111114,False
KXPERFORMROLE007-Q-TOM,Will Tom Holland perform as Q in the next James Bond film?,Tom Holland,Entertainment,0,13,100,87,0,0,0,0,0.0,0,2031-01-01T15:00:00Z,1782,655.8461538461539,14.64367816091954,False
KXPERFORMROLE007-MONEYPENNY-NAO,Will Naomie Harris perform as Moneypenny in the next James Bond film?,Naomie Harris,Entertainment,7,23,93,77,0,0,0,0,0.0,0,2031-01-01T15:00:00Z,1782,328.0869565217392,29.272727272727273,False
KXPERFORMROLE007-MONEYPENNY-JUN,Will Juno Temple perform as Moneypenny in the next James Bond film?,Juno Temple,Entertainment,1,17,99,83,0,0,0,0,0.0,0,2031-01-01T15:00:00Z,1782,478.47058823529414,20.072289156626503,False
KXPERFORMROLE007-MONEYPENNY-JOD,Will Jodie Turner-Smith perform as Moneypenny in the next James Bond film?,Jodie Turner-Smith,Entertainment,3,19,97,81,16,0,0,312,3.12,312,2031-01-01T15:00:00Z,1782,417.7894736842106,22.98765432098765,False
KXPERFORMROLE007-MONEYPENNY-ALI,Will Alison Oliver perform as Moneypenny in the next James Bond film?,Alison Oliver,Entertainment,1,17,99,83,16,0,0,156,1.56,156,2031-01-01T15:00:00Z,1782,478.47058823529414,20.072289156626503,False
KXPERFORMROLE007-MONEYPENNY-MEG,Will Meg Bellamy perform as Moneypenny in the next James Bond film?,Meg Bellamy,Entertainment,0,14,100,86,0,0,0,0,0.0,0,2031-01-01T15:00:00Z,1782,602.0,15.953488372093025,False
KXPERFORMROLE007-MONEYPENNY-JODI,Will Jodie Comer perform as Moneypenny in the next James Bond film?,Jodie Comer,Entertainment,0,16,100,84,0,0,0,0,0.0,0,2031-01-01T15:00:00Z,1782,514.5,18.666666666666664,False
KXPERFORMROLE007-MONEYPENNY-PHO,Will Phoebe Dynevor perform as Moneypenny in the next James Bond film?,Phoebe Dynevor,Entertainment,2,18,98,82,0,0,0,0,0.0,0,2031-01-01T15:00:00Z,1782,446.4444444444444,21.51219512195122,False
KXPERFORMROLE007-MONEYPENNY-EMM,Will Emma Corrin perform as Moneypenny in the next James Bond film?,Emma Corrin,Entertainment,0,15,100,85,0,0,0,0,0.0,0,2031-01-01T15:00:00Z,1782,555.3333333333334,17.294117647058822,False
KXPERFORMROLE007-M-RAL,Will Ralph Fiennes perform as M in the next James Bond film?,Ralph Fiennes,Entertainment,0,100,100,0,0,0,0,0,0.0,0,2031-01-01T15:00:00Z,1782,0.0,0,False
KXPERFORMROLE007-M-IDR,Will Idris Elba perform as M in the next James Bond film?,Idris Elba,Entertainment,0,100,100,0,0,0,0,0,0.0,0,2031-01-01T15:00:00Z,1782,0.0,0,False
KXPERFORMROLE007-M-OLI,Will Olivia Colman perform as M in the next James Bond film?,Olivia Colman,Entertainment,0,100,100,0,20,0,0,142,1.42,142,2031-01-01T15:00:00Z,1782,0.0,0,False
KXPERFORMROLE007-M-MAR,Will Mark Rylance perform as M in the next James Bond film?,Mark Rylance,Entertainment,0,100,100,0,0,0,0,0,0.0,0,2031-01-01T15:00:00Z,1782,0.0,0,False
KXPERFORMROLE007-M-CHA,Will Charles Dance perform as M in the next James Bond film?,Charles Dance,Entertainment,0,100,100,0,0,0,0,0,0.0,0,2031-01-01T15:00:00Z,1782,0.0,0,False
KXPERFORMROLE007-FELIX-WYA,Will Wyatt Russell perform as Felix Leiter in the next James Bond film?,Wyatt Russell,Entertainment,0,14,100,86,14,0,0,24,0.24,24,2031-01-01T15:00:00Z,1782,602.0,15.953488372093025,False
KXPERFORMROLE007-FELIX-ANT,Will Anthony Mackie perform as Felix Leiter in the next James Bond film?,Anthony Mackie,Entertainment,3,19,97,81,19,0,0,46,0.46,46,2031-01-01T15:00:00Z,1782,417.7894736842106,22.98765432098765,False
KXPERFORMROLE007-FELIX-CHI,Will Chiwetel Ejiofor perform as Felix Leiter in the next James Bond film?,Chiwetel Ejiofor,Entertainment,1,17,99,83,17,0,0,32,0.32,32,2031-01-01T15:00:00Z,1782,478.47058823529414,20.072289156626503,False
KXPERFORMROLE007-FELIX-STE,Will Steven Yeun perform as Felix Leiter in the next James Bond film?,Steven Yeun,Entertainment,1,17,99,83,0,0,0,0,0.0,0,2031-01-01T15:00:00Z,1782,478.47058823529414,20.072289156626503,False
KXPERFORMROLE007-FELIX-BOY,Will Boyd Holbrook perform as Felix Leiter in the next James Bond film?,Boyd Holbrook,Entertainment,4,20,96,80,20,0,0,16,0.16,16,2031-01-01T15:00:00Z,1782,392.0,24.5,False
KXPERFORMROLE007-FELIX-JOH,Will John Hoogenakker perform as Felix Leiter in the next James Bond film?,John Hoogenakker,Entertainment,0,16,100,84,15,0,0,148,1.48,148,2031-01-01T15:00:00Z,1782,514.5,18.666666666666664,False
KXPERFORMROLE007-FELIX-ALB,Will Albert Jones perform as Felix Leiter in the next James Bond film?,Albert Jones,Entertainment,0,14,100,86,0,0,0,0,0.0,0,2031-01-01T15:00:00Z,1782,602.0,15.953488372093025,False
KXPERFORMROLE007-FELIX-AAR,Will Aaron Staton perform as Felix Leiter in the next James Bond film?,Aaron Staton,Entertainment,0,14,100,86,0,0,0,0,0.0,0,2031-01-01T15:00:00Z,1782,602.0,15.953488372093025,False
KXPERFORMROLE007-FELIX-SET,Will Seth Numrich perform as Felix Leiter in the next James Bond film?,Seth Numrich,Entertainment,0,14,100,86,0,0,0,0,0.0,0,2031-01-01T15:00:00Z,1782,602.0,15.953488372093025,False
KXYTUBESUBSISHOWSPEED-27,When will IShowSpeed reach 100 million Youtube subscribers?,Before 2027,Entertainment,20,24,80,76,20,-16.67,5.26,984,9.84,558,2027-01-01T04:59:00Z,320,310.3333333333333,30.94736842105263,True
KXYTUBESUBSISHOWSPEED-28,When will IShowSpeed reach 100 million Youtube subscribers?,Before 2028,Entertainment,44,53,56,47,45,0,-10,672,6.72,110,2028-01-01T04:59:00Z,685,86.9056603773585,110.51063829787233,False
KXYTUBESUBSISHOWSPEED-29,When will IShowSpeed reach 100 million Youtube subscribers?,Before 2029,Entertainment,58,68,42,32,0,0,0,0,0.0,0,2029-01-01T04:59:00Z,1051,46.11764705882353,208.25,False
KXYTUBESUBSISHOWSPEED-30,When will IShowSpeed reach 100 million Youtube subscribers?,Before 2030,Entertainment,63,73,37,27,0,0,0,0,0.0,0,2030-01-01T04:59:00Z,1416,36.24657534246575,264.962962962963,False
KXUSTAKEOVER-30,Will the US government take control of any AI company or project before 2030?,Before 2030,Politics,32,36,68,64,32,-11.11,-13.51,7942,79.42,5946,2030-01-01T04:59:00Z,1416,174.2222222222222,55.125,True
KXTVSEASONRELEASEACOURTOFTHORNSANDROSES-30-JAN,When will A Court Of Thorns and Roses be released?,Before Jan 2030,Entertainment,54,55,46,45,54,-12.9,-1.82,1408,14.08,1050,2030-01-01T15:00:00Z,1417,80.18181818181819,119.77777777777779,True
KXTRILLIONAIRE-30-EM,Will Elon Musk be the world's first trillionaire?,Elon Musk,Economics,85,88,15,12,83,-7.78,1.22,170178,1701.78,71212,2030-01-01T15:00:00Z,1417,13.363636363636363,718.6666666666666,False
KXTRILLIONAIRE-30-LE,Will Larry Ellison be the world's first trillionaire?,Larry Ellison,Economics,1,3,99,97,3,0,-25,15158,151.58,11150,2030-01-01T15:00:00Z,1417,3168.666666666667,3.0309278350515467,False
KXTRILLIONAIRE-30-MZ,Will Mark Zuckerberg be the world's first trillionaire?,Mark Zuckerberg,Economics,1,2,99,98,2,0,0,8036,80.36,5558,2030-01-01T15:00:00Z,1417,4802.0,1.9999999999999998,False
KXTRILLIONAIRE-30-JB,Will Jeff Bezos be the world's first trillionaire?,Jeff Bezos,Economics,3,4,97,96,4,0,0,19126,191.26,13992,2030-01-01T15:00:00Z,1417,2352.0,4.083333333333333,False
KXTRILLIONAIRE-30-BA,Will Bernard Arnault & family be the world's first trillionaire?,Bernard Arnault & family,Economics,0,1,100,99,1,0,0,5594,55.94,5000,2030-01-01T15:00:00Z,1417,9702.0,0.9898989898989901,False
KXTRILLIONAIRE-30-WB,Will Warren Buffet be the world's first trillionaire?,Warren Buffett,Economics,0,1,100,99,1,0,-50,4860,48.6,4608,2030-01-01T15:00:00Z,1417,9702.0,0.9898989898989901,False
KXTRILLIONAIRE-30-LP,Will Larry Page be the world's first trillionaire?,Larry Page,Economics,1,2,99,98,2,0,100,8316,83.16,8250,2030-01-01T15:00:00Z,1417,4802.0,1.9999999999999998,False
KXTRILLIONAIRE-30-SRB,Will Sergey Brin be the world's first trillionaire?,Sergey Brin,Economics,0,1,100,99,1,0,0,664,6.640000000000001,664,2030-01-01T15:00:00Z,1417,9702.0,0.9898989898989901,False
KXTRILLIONAIRE-30-SB,Will Steve Ballmer be the world's first trillionaire?,Steve Ballmer,Economics,0,1,100,99,1,0,0,2308,23.080000000000002,2146,2030-01-01T15:00:00Z,1417,9702.0,0.9898989898989901,False
KXTRILLIONAIRE-30-JH,Will Jensen Huang be the world's first trillionaire?,Jensen Huang,Economics,3,5,97,95,3,0,-40,37810,378.1,29654,2030-01-01T15:00:00Z,1417,1862.0,5.157894736842105,False
KXTRILLIONAIRE-30-SA,Will Sam Altman be the world's first trillionaire?,Sam Altman,Economics,0,1,100,99,1,0,0,8632,86.32000000000001,7498,2030-01-01T15:00:00Z,1417,9702.0,0.9898989898989901,False
KXTRAVISKELCEWEDDING-30JAN01-JAS,Will Jason Kelce be a Groomsman for the wedding of Travis Kelce and Taylor Swift?,Jason Kelce,Social,91,95,9,5,95,0,5.56,3670,36.7,1922,2030-01-01T15:00:00Z,1417,5.157894736842105,1862.0,False
KXTRAVISKELCEWEDDING-30JAN01-PAT,Will Patrick Mahomes be a Groomsman for the wedding of Travis Kelce and Taylor Swift?,Patrick Mahomes,Social,85,89,15,11,89,5.95,1.14,12208,122.08,4416,2030-01-01T15:00:00Z,1417,12.112359550561798,792.909090909091,False
KXTRAVISKELCEWEDDING-30JAN01-ARI,Will Aric Jones be a Groomsman for the wedding of Travis Kelce and Taylor Swift?,Aric Jones,Social,79,87,21,13,86,0,7.5,6444,64.44,2934,2030-01-01T15:00:00Z,1417,14.64367816091954,655.8461538461539,False
KXTRAVISKELCEWEDDING-30JAN01-KUM,Will Kumar Ferguson be a Groomsman for the wedding of Travis Kelce and Taylor Swift?,Kumar Ferguson,Social,77,87,23,13,77,0,-1.28,766,7.66,220,2030-01-01T15:00:00Z,1417,14.64367816091954,655.8461538461539,False
KXTRAVISKELCEWEDDING-30JAN01-AUS,Will Austin Swift be a Groomsman for the wedding of Travis Kelce and Taylor Swift?,Austin Swift,Social,71,78,29,22,74,0,8.82,6690,66.9,4902,2030-01-01T15:00:00Z,1417,27.641025641025642,347.45454545454544,False
KXTRAVISKELCEWEDDING-30JAN01-HAR,Will Harrison Butker be a Groomsman for the wedding of Travis Kelce and Taylor Swift?,Harrison Butker,Social,1,11,99,89,2,0,100,308,3.08,196,2030-01-01T15:00:00Z,1417,792.909090909091,12.112359550561798,False
KXTAYLORSWIFTWEDDING-30JAN01-SEL,Will Selena Gomez be a Bridesmaid for the wedding of Travis Kelce and Taylor Swift?,Selena Gomez,Social,74,80,26,20,81,0,2.53,15354,153.54,5652,2030-01-01T15:00:00Z,1417,24.5,392.0,False
KXTAYLORSWIFTWEDDING-30JAN01-ABI,Will Abigail Anderson (Berard) be a Bridesmaid for the wedding of Travis Kelce and Taylor Swift?,Abigail Anderson (Berard),Social,84,90,16,10,83,0,-6.74,3202,32.02,1354,2030-01-01T15:00:00Z,1417,10.888888888888888,882.0,False
KXTAYLORSWIFTWEDDING-30JAN01-GIG,Will Gigi Hadid be a Bridesmaid for the wedding of Travis Kelce and Taylor Swift?,Gigi Hadid,Social,66,73,34,27,67,0,-5.63,25304,253.04,10678,2030-01-01T15:00:00Z,1417,36.24657534246575,264.962962962963,False
KXTAYLORSWIFTWEDDING-30JAN01-BLA,Will Blake Lively be a Bridesmaid for the wedding of Travis Kelce and Taylor Swift?,Blake Lively,Social,16,25,84,75,26,0,30,13860,138.6,8954,2030-01-01T15:00:00Z,1417,294.0,32.666666666666664,False
KXTAYLORSWIFTWEDDING-30JAN01-EST,Will Este Haim be a Bridesmaid for the wedding of Travis Kelce and Taylor Swift?,Este Haim,Social,35,42,65,58,43,26.47,2.38,2278,22.78,1650,2030-01-01T15:00:00Z,1417,135.33333333333331,70.9655172413793,False
KXTAYLORSWIFTWEDDING-30JAN01-DAN,Will Danielle Haim be a Bridesmaid for the wedding of Travis Kelce and Taylor Swift?,Danielle Haim,Social,20,31,80,69,31,0,0,160,1.6,108,2030-01-01T15:00:00Z,1417,218.1290322580645,44.028985507246375,False
KXTAYLORSWIFTWEDDING-30JAN01-ALA,Will Alana Haim be a Bridesmaid for the wedding of Travis Kelce and Taylor Swift?,Alana Haim,Social,20,30,80,70,30,0,0,396,3.96,186,2030-01-01T15:00:00Z,1417,228.66666666666666,42.0,False
KXTAYLORSWIFTWEDDING-30JAN01-ZOE,Will ZoÃ« Kravitz be a Bridesmaid for the wedding of Travis Kelce and Taylor Swift?,ZoÃ« Kravitz,Social,32,41,68,59,41,0,0,1270,12.700000000000001,500,2030-01-01T15:00:00Z,1417,141.02439024390242,68.10169491525424,False
KXTAYLORSWIFTWEDDING-30JAN01-CAR,Will Cara Delevingne be a Bridesmaid for the wedding of Travis Kelce and Taylor Swift?,Cara Delevingne,Social,11,22,89,78,11,0,-50,760,7.6000000000000005,210,2030-01-01T15:00:00Z,1417,347.45454545454544,27.641025641025642,False
KXTAYLORSWIFTWEDDING-30JAN01-LAN,Will Lana Del Rey be a Bridesmaid for the wedding of Travis Kelce and Taylor Swift?,Lana Del Rey,Social,11,20,89,80,32,0,60,2164,21.64,1104,2030-01-01T15:00:00Z,1417,392.0,24.5,False
KXTAYLORSWIFTWEDDING-30JAN01-SOP,Will Sophie Turner be a Bridesmaid for the wedding of Travis Kelce and Taylor Swift?,Sophie Turner,Social,15,25,85,75,36,0,63.64,2264,22.64,2236,2030-01-01T15:00:00Z,1417,294.0,32.666666666666664,False
KXTAYLORSWIFTWEDDING-30JAN01-ICE,Will Ice Spice be a Bridesmaid for the wedding of Travis Kelce and Taylor Swift?,Ice Spice,Social,4,12,96,88,19,0,72.73,2182,21.82,2138,2030-01-01T15:00:00Z,1417,718.6666666666666,13.363636363636363,False
KXTAYLORSWIFTWEDDING-30JAN01-BRI,Will Brittany Mahomes be a Bridesmaid for the wedding of Travis Kelce and Taylor Swift?,Brittany Mahomes,Social,20,32,80,68,30,0,30.43,6128,61.28,3788,2030-01-01T15:00:00Z,1417,208.25,46.11764705882353,False
KXTAYLORSWIFTWEDDING-30JAN01-KYL,Will Kylie Kelce be a Bridesmaid for the wedding of Travis Kelce and Taylor Swift?,Kylie Kelce,Social,48,51,52,49,90,0,76.47,12246,122.46000000000001,6322,2030-01-01T15:00:00Z,1417,94.15686274509804,102.0,False
KXTAYLORSWIFTWEDDING-30JAN01-ASH,Will Ashley Avignone be a Bridesmaid for the wedding of Travis Kelce and Taylor Swift?,Ashley Avignone,Social,10,100,90,0,99,0,0,4,0.04,4,2030-01-01T15:00:00Z,1417,0.0,0,False
KXTAYLORSWIFTWEDDING-30JAN01-SAB,Will Sabrina Carpenter be a Bridesmaid for the wedding of Travis Kelce and Taylor Swift?,Sabrina Carpenter,Social,51,62,49,38,63,0,-8.7,2486,24.86,2402,2030-01-01T15:00:00Z,1417,60.064516129032256,159.89473684210526,False
KXTAYLORSWIFTWEDDING-30JAN01-EMM,Will Emma Stone be a Bridesmaid for the wedding of Travis Kelce and Taylor Swift?,Emma Stone,Social,35,46,65,54,48,0,0,932,9.32,262,2030-01-01T15:00:00Z,1417,115.04347826086958,83.48148148148148,False
KXTAIWANLVL4-26JUL01,"Will the U.S. State Department issue a Level 4 warning for Taiwan before Jul 1, 2026?","Before Jul 1, 2026",Politics,6,8,94,92,5,-44.44,-44.44,33586,335.86,21572,2026-07-01T03:59:00Z,136,1127.0,8.521739130434783,True
KXTAIWANLVL4-27JAN01,"Will the U.S. State Department issue a Level 4 warning for Taiwan before Jan 1, 2027?","Before Jan 1, 2027",Politics,23,24,77,76,23,-4.17,-4.17,145172,1451.72,108122,2027-01-01T04:59:00Z,320,310.3333333333333,30.94736842105263,False
KXTAIWANLVL4-28JAN01,"Will the U.S. State Department issue a Level 4 warning for Taiwan before Jan 1, 2028?","Before Jan 1, 2028",Politics,29,35,71,65,34,0,36,10966,109.66,9252,2028-01-01T04:59:00Z,685,182.0,52.76923076923077,False
KXTAIWANLVL4-29JAN01,"Will the U.S. State Department issue a Level 4 warning for Taiwan before Jan 1, 2029?","Before Jan 1, 2029",Politics,34,38,66,62,39,0,18.18,15538,155.38,7600,2029-01-01T04:59:00Z,1051,159.89473684210526,60.064516129032256,False
KXTAIWANLVL4-30JAN01,"Will the U.S. State Department issue a Level 4 warning for Taiwan before Jan 1, 2030?","Before Jan 1, 2030",Politics,39,45,61,55,44,0,25.71,10990,109.9,8252,2030-01-01T04:59:00Z,1416,119.77777777777779,80.18181818181819,False
KXSWIFTKELCEWEDDINGLOCATION-30-RHO,Where will Taylor Swift and Travis Kelceâ€™s Wedding occur?,Rhode Island,Social,61,63,39,37,63,-5.97,-3.08,90138,901.38,48858,2030-01-01T04:59:00Z,1416,57.55555555555556,166.86486486486484,False
KXSWIFTKELCEWEDDINGLOCATION-30-NEW,Where will Taylor Swift and Travis Kelceâ€™s Wedding occur?,New York,Social,25,31,75,69,30,0,-31.82,29610,296.1,23620,2030-01-01T04:59:00Z,1416,218.1290322580645,44.028985507246375,False
KXSWIFTKELCEWEDDINGLOCATION-30-PEN,Where will Taylor Swift and Travis Kelceâ€™s Wedding occur?,Pennsylvania,Social,8,13,92,87,8,-42.86,-42.86,6650,66.5,5544,2030-01-01T04:59:00Z,1416,655.8461538461539,14.64367816091954,True
KXSWIFTKELCEWEDDINGLOCATION-30-TEN,Where will Taylor Swift and Travis Kelceâ€™s Wedding occur?,Tennessee,Social,6,13,94,87,6,-53.85,50,3610,36.1,2276,2030-01-01T04:59:00Z,1416,655.8461538461539,14.64367816091954,True
KXSWIFTKELCEWEDDINGLOCATION-30-OHI,Where will Taylor Swift and Travis Kelceâ€™s Wedding occur?,Ohio,Social,2,12,98,88,7,0,0,1032,10.32,842,2030-01-01T04:59:00Z,1416,718.6666666666666,13.363636363636363,False
KXSPORTSOWNERLBJ-30,Will LeBron James be a majority owner of a pro men's basketball team before 2030?,Before 2030,Sports,10,15,90,85,10,-28.57,-28.57,9838,98.38,4462,2030-01-01T04:59:00Z,1416,555.3333333333334,17.294117647058822,True
KXSPACEXMARS-30,Will SpaceX land anything on Mars before 2030?,Before 2030,Science and Technology,25,27,75,73,27,0,-22.86,98206,982.0600000000001,35764,2030-01-01T15:00:00Z,1417,264.962962962963,36.24657534246575,False
KXSONICS-30,Will the Portland Trailblazers be bought and become the Seattle SuperSonics?,Before 2030,Sports,5,10,95,90,10,0,0,13892,138.92000000000002,4286,2030-01-01T04:59:00Z,1416,882.0,10.888888888888888,False
KXSHOWENDSIMPSONS-30,Will there be an announcement that The Simpsons is ending?,Before 2030,Entertainment,57,65,43,35,66,20,1.54,2978,29.78,1590,2030-01-01T04:59:00Z,1416,52.76923076923077,182.0,False
KXSHOWENDFAMILYGUY-30,Will there be an announcement that Family Guy is ending?,Before 2030,Entertainment,46,55,54,45,55,0,0,1726,17.26,386,2030-01-01T04:59:00Z,1416,80.18181818181819,119.77777777777779,False
KXPOLIOELIM-30,Will there be a year with zero wild polio cases before 2030?,Before 2030,Health,8,10,92,90,8,-20,33.33,48886,488.86,29348,2030-01-01T15:00:00Z,1417,882.0,10.888888888888888,True
KXNEXTUKPM-30-AT,Will Andrew Tate be the next Prime Minister of United Kingdom?,,Politics,0,1,100,99,1,0,0,13208,132.08,11416,2030-01-01T15:00:00Z,1417,9702.0,0.9898989898989901,False
KXNEXTUKPM-30-AR,Will Angela Rayner be the next Prime Minister of United Kingdom?,,Politics,24,28,76,72,26,4,23.81,69958,699.58,21396,2030-01-01T15:00:00Z,1417,252.0,38.111111111111114,False
KXNEXTUKPM-30-NF,Will Nigel Farage be the next Prime Minister of United Kingdom?,,Politics,7,8,93,92,8,0,-27.27,180436,1804.3600000000001,82668,2030-01-01T15:00:00Z,1417,1127.0,8.521739130434783,False
KXNEXTUKPM-30-RR,Will Rachel Reeves be the next Prime Minister of United Kingdom?,,Politics,0,1,100,99,1,0,0,1778,17.78,1778,2030-01-01T15:00:00Z,1417,9702.0,0.9898989898989901,False
KXNEXTUKPM-30-KB,Will Kemi Badenoch be the next Prime Minister of United Kingdom?,,Politics,1,8,99,92,3,-25,-25,25002,250.02,18076,2030-01-01T15:00:00Z,1417,1127.0,8.521739130434783,True
KXNEXTUKPM-30-WS,Will Wes Streeting be the next Prime Minister of United Kingdom?,,Politics,25,26,75,74,26,0,-10.34,62324,623.24,29790,2030-01-01T15:00:00Z,1417,278.9230769230769,34.432432432432435,False
KXNEXTUKPM-30-ED,Will Ed Davey be the next Prime Minister of United Kingdom?,,Politics,0,1,100,99,1,0,-50,706,7.0600000000000005,706,2030-01-01T15:00:00Z,1417,9702.0,0.9898989898989901,False
KXNEXTUKPM-30-BJOH,Will Boris Johnson be the next Prime Minister of United Kingdom?,,Politics,0,1,100,99,1,0,-66.67,1958,19.580000000000002,1958,2030-01-01T15:00:00Z,1417,9702.0,0.9898989898989901,False
KXNEXTUKPM-30-JCLE,Will James Cleverly be the next Prime Minister of United Kingdom?,,Politics,0,1,100,99,1,0,0,20,0.2,20,2030-01-01T15:00:00Z,1417,9702.0,0.9898989898989901,False
KXNEXTUKPM-30-RJEN,Will Robert Jenrick be the next United Kingdom of United Kingdom?,,Politics,0,1,100,99,1,0,0,626,6.26,626,2030-01-01T15:00:00Z,1417,9702.0,0.9898989898989901,False
KXNEXTUKPM-30-YCOO,Will Yvette Cooper be the next Prime Minister of United Kingdom?,,Politics,2,8,98,92,4,0,0,1748,17.48,1734,2030-01-01T15:00:00Z,1417,1127.0,8.521739130434783,False
KXNEXTUKPM-30-DJON,Will Darren Jones be the next Prime Minister of United Kingdom?,,Politics,0,1,100,99,1,0,0,20,0.2,20,2030-01-01T15:00:00Z,1417,9702.0,0.9898989898989901,False
KXNEXTUKPM-30-ABUR,Will Andy Burnham be the next Prime Minister of United Kingdom?,,Politics,4,7,96,93,5,0,-44.44,50924,509.24,13028,2030-01-01T15:00:00Z,1417,1302.0000000000002,7.376344086021505,False
KXNEXTUKPM-30-BPHI,Will Bridget Phillipson be the next Prime Minister of United Kingdom?,,Politics,0,1,100,99,1,0,-50,22,0.22,22,2030-01-01T15:00:00Z,1417,9702.0,0.9898989898989901,False
KXNEXTUKPM-30-RLOW,Will Rupert Lowe be the next Prime Minister of United Kingdom?,,Politics,0,1,100,99,1,0,-50,3442,34.42,3396,2030-01-01T15:00:00Z,1417,9702.0,0.9898989898989901,False
KXNEXTUKPM-30-SMAH,Will Shabana Mahmood be the next Prime Minister of United Kingdom?,Shabana Mahmood,Politics,7,13,93,87,14,0,250,14824,148.24,11294,2030-01-01T15:00:00Z,1417,655.8461538461539,14.64367816091954,False
KXNEXTUKPM-30-DLAM,Will David Lammy be the next Prime Minister of United Kingdom?,David Lammy,Politics,0,4,100,96,5,0,400,2692,26.92,2692,2030-01-01T15:00:00Z,1417,2352.0,4.083333333333333,False
KXNEXTUKPM-30-EMIL,Will Ed Miliband be the next Prime Minister of United Kingdom?,Ed Miliband,Politics,12,18,88,82,13,8.33,225,30806,308.06,22248,2030-01-01T15:00:00Z,1417,446.4444444444444,21.51219512195122,False
KXNEXTUKPM-30-LPOW,Will Lucy Powell be the next  of United Kingdom?,Lucy Powell,Politics,2,3,98,97,3,0,50,488,4.88,482,2030-01-01T15:00:00Z,1417,3168.666666666667,3.0309278350515467,False
KXNEXTUKPM-30-ACAR,Will Al Carns be the next Prime Minister of United Kingdom?,Al Carns,Politics,4,7,96,93,5,0,0,414,4.14,414,2030-01-01T15:00:00Z,1417,1302.0000000000002,7.376344086021505,False
KXNETWORTHKAICENAT-30,Will KaiCenat become a billionaire before 2030?,Before 2030,Economics,13,17,87,83,13,0,0,558,5.58,538,2030-01-01T15:00:00Z,1417,478.47058823529414,20.072289156626503,False
KXNBATEAM-30,Will the NBA approve a new franchise before 2030?,Before 2030,Sports,87,93,13,7,93,8.14,-3.12,9210,92.10000000000001,1774,2030-01-01T15:00:00Z,1417,7.376344086021505,1302.0000000000002,False
KXNBASEATTLE-30,Will a Seattle NBA team play a game before 2030?,Before 2030,Sports,65,70,35,30,65,0,-18.75,25386,253.86,15738,2030-01-01T15:00:00Z,1417,42.0,228.66666666666666,False
KXMUSKTRILLION-27,Will Elon Musk be a trillionaire before 2027?,Before 2027,Economics,75,79,25,21,75,-1.32,-2.6,310064,3100.64,124892,2027-01-01T15:00:00Z,321,26.050632911392402,368.66666666666663,False
KXMUSKTRILLION-28,Will Elon Musk be a trillionaire before 2028?,Before 2028,Economics,85,87,15,13,86,1.18,1.18,83564,835.64,27224,2028-01-01T15:00:00Z,686,14.64367816091954,655.8461538461539,False
KXMUSKTRILLION-29,Will Elon Musk be a trillionaire before 2029?,Before 2029,Economics,90,91,10,9,90,-1.1,5.88,62184,621.84,20362,2029-01-01T15:00:00Z,1052,9.692307692307692,990.8888888888889,False
KXMUSKTRILLION-30,Will Elon Musk be a trillionaire before 2030?,Before 2030,Economics,91,92,9,8,92,0,6.98,65326,653.26,28336,2030-01-01T15:00:00Z,1417,8.521739130434783,1127.0,False
KXMEDIARELEASEPRISONBREAK-30JAN01-26JUL01,"Will A New Season of Prison Break be released Worldwide before Jan 1, 2030?","Before Jul 1, 2026",Entertainment,5,13,95,87,14,250,-84.44,246,2.46,134,2026-07-01T03:59:00Z,136,655.8461538461539,14.64367816091954,False
KXMEDIARELEASEPRISONBREAK-30JAN01-27JAN01,"Will A New Season of Prison Break be released Worldwide before Jan 1, 2030?","Before Jan 1, 2027",Entertainment,20,28,80,72,29,52.63,-3.33,164,1.6400000000000001,12,2027-01-01T04:59:00Z,320,252.0,38.111111111111114,False
KXMEDIARELEASEPRISONBREAK-30JAN01-27JUL01,"Will A New Season of Prison Break be released Worldwide before Jan 1, 2030?","Before Jul 1, 2027",Entertainment,41,52,59,48,42,0,-19.23,242,2.42,184,2027-07-01T03:59:00Z,501,90.46153846153845,106.16666666666666,False
KXMEDIARELEASEPRISONBREAK-30JAN01-28JAN01,"Will A New Season of Prison Break be released Worldwide before Jan 1, 2030?","Before Jan 1, 2028",Entertainment,56,66,44,34,0,0,0,0,0.0,0,2028-01-01T04:59:00Z,685,50.484848484848484,190.23529411764707,False
KXMEDIARELEASEPRISONBREAK-30JAN01-28JUL01,"Will A New Season of Prison Break be released Worldwide before Jan 1, 2030?","Before Jul 1, 2028",Entertainment,59,69,41,31,0,0,0,0,0.0,0,2028-07-01T03:59:00Z,867,44.028985507246375,218.1290322580645,False
KXMEDIARELEASEPRISONBREAK-30JAN01-29JAN01,"Will A New Season of Prison Break be released Worldwide before Jan 1, 2030?","Before Jan 1, 2029",Entertainment,62,72,38,28,64,0,0,4,0.04,4,2029-01-01T04:59:00Z,1051,38.111111111111114,252.0,False
KXLIVENATIONUS-30-JAN01,"Will the DOJ win their antitrust lawsuit against Live Nation before Jan 1, 2030?",,Companies,59,63,41,37,62,-3.12,-6.06,17534,175.34,4204,2030-01-01T15:00:00Z,1417,57.55555555555556,166.86486486486484,False
KXJPMCEONEW-30-JP,Will Jennifer Piepszak succeed Jamie Dimon as CEO of JPMorgan?,Jennifer Piepszak,Companies,7,16,93,84,16,0,0,2952,29.52,548,2030-01-01T15:00:00Z,1417,514.5,18.666666666666664,False
KXJPMCEONEW-30-ML,Will Marianne Lake succeed Jamie Dimon as CEO of JPMorgan?,Marianne Lake,Companies,41,47,59,53,41,0,-14.58,11768,117.68,7174,2030-01-01T15:00:00Z,1417,110.51063829787233,86.9056603773585,False
KXJPMCEONEW-30-DP,Will Doug Petno succeed Jamie Dimon as CEO of JPMorgan?,Doug Petno,Companies,21,29,79,71,22,0,-24.14,3378,33.78,354,2030-01-01T15:00:00Z,1417,239.93103448275858,40.02816901408451,False
KXJPMCEONEW-30-TR,Will Troy Rohrbaugh succeed Jamie Dimon as CEO of JPMorgan?,Troy Rohrbaugh,Companies,23,28,77,72,29,0,0,5848,58.480000000000004,1488,2030-01-01T15:00:00Z,1417,252.0,38.111111111111114,False
KXIPOAIRTABLE-27JAN01,When will Airtable officially announce an IPO?,"Before Jan 1, 2027",Economics,6,13,94,87,6,-53.85,-14.29,94,0.9400000000000001,82,2027-01-01T04:59:00Z,320,655.8461538461539,14.64367816091954,True
KXIPOAIRTABLE-28JAN01,When will Airtable officially announce an IPO?,"Before Jan 1, 2028",Economics,27,34,73,66,27,0,0,1764,17.64,678,2028-01-01T04:59:00Z,685,190.23529411764707,50.484848484848484,False
KXIPOAIRTABLE-29JAN01,When will Airtable officially announce an IPO?,"Before Jan 1, 2029",Economics,32,39,68,61,39,0,0,4,0.04,2,2029-01-01T04:59:00Z,1051,153.28205128205127,62.65573770491804,False
KXIPOAIRTABLE-30JAN01,When will Airtable officially announce an IPO?,"Before Jan 1, 2030",Economics,39,46,61,54,46,17.95,-2.13,16,0.16,14,2030-01-01T04:59:00Z,1416,115.04347826086958,83.48148148148148,False
KXGTAPRICE-60,What will the price of GTA VI be?,More than $60,Entertainment,94,96,6,4,96,2.13,-1.03,16264,162.64000000000001,8568,2030-01-01T15:00:00Z,1417,4.083333333333333,2352.0,False
KXGTAPRICE-70,What will the price of GTA VI be?,More than $70,Entertainment,71,73,29,27,75,7.14,7.14,150668,1506.68,34296,2030-01-01T15:00:00Z,1417,36.24657534246575,264.962962962963,False
KXGTAPRICE-80,What will the price of GTA VI be?,More than $80,Entertainment,34,37,66,63,37,-2.63,23.33,132902,1329.02,50468,2030-01-01T15:00:00Z,1417,166.86486486486484,57.55555555555556,False
KXGTAPRICE-90,What will the price of GTA VI be?,More than $90,Entertainment,29,30,71,70,30,3.45,15.38,140100,1401.0,61306,2030-01-01T15:00:00Z,1417,228.66666666666666,42.0,False
KXGTAPRICE-100,What will the price of GTA VI be?,More than $100,Entertainment,13,15,87,85,15,0,25,213488,2134.88,93304,2030-01-01T15:00:00Z,1417,555.3333333333334,17.294117647058822,False
KXGTA6SONGS-30-BLI,What songs will be on the GTA 6 radio at launch?,Blinding Lights,Entertainment,42,48,58,52,48,0,-9.43,1486,14.86,1336,2030-01-01T15:00:00Z,1417,106.16666666666666,90.46153846153845,False
KXGTA6SONGS-30-SHA,What songs will be on the GTA 6 radio at launch?,Shape of You,Entertainment,48,51,52,49,48,0,9.09,212,2.12,124,2030-01-01T15:00:00Z,1417,94.15686274509804,102.0,False
KXGTA6SONGS-30-ASI,What songs will be on the GTA 6 radio at launch?,As It Was,Entertainment,24,32,76,68,36,0,-5.26,124,1.24,124,2030-01-01T15:00:00Z,1417,208.25,46.11764705882353,False
KXGTA6SONGS-30-STA,What songs will be on the GTA 6 radio at launch?,Stay,Entertainment,29,37,71,63,23,0,-42.5,166,1.6600000000000001,80,2030-01-01T15:00:00Z,1417,166.86486486486484,57.55555555555556,False
KXGTA6SONGS-30-DES,What songs will be on the GTA 6 radio at launch?,Despacito,Entertainment,52,57,48,43,61,17.31,5.17,1424,14.24,920,2030-01-01T15:00:00Z,1417,73.9298245614035,129.90697674418604,False
KXGTA6SONGS-30-PEP,What songs will be on the GTA 6 radio at launch?,Pepas,Entertainment,38,46,62,54,46,0,0,108,1.08,80,2030-01-01T15:00:00Z,1417,115.04347826086958,83.48148148148148,False
KXGTA6SONGS-30-SIC,What songs will be on the GTA 6 radio at launch?,Sicko Mode,Entertainment,35,44,65,56,37,0,-24.49,508,5.08,354,2030-01-01T15:00:00Z,1417,124.72727272727273,77.0,False
KXGTA6SONGS-30-MOB,What songs will be on the GTA 6 radio at launch?,Mo Bamba,Entertainment,34,46,66,54,41,13.89,-12.77,122,1.22,74,2030-01-01T15:00:00Z,1417,115.04347826086958,83.48148148148148,False
KXGTA6SONGS-30-GOD,What songs will be on the GTA 6 radio at launch?,Godâ€™s Plan,Entertainment,33,41,67,59,33,0,-34,752,7.5200000000000005,702,2030-01-01T15:00:00Z,1417,141.02439024390242,68.10169491525424,False
KXGTA6SONGS-30-MAS,What songs will be on the GTA 6 radio at launch?,Mask Off,Entertainment,27,35,73,65,33,0,22.22,854,8.540000000000001,414,2030-01-01T15:00:00Z,1417,182.0,52.76923076923077,False
KXGTA6SONGS-30-BAD,What songs will be on the GTA 6 radio at launch?,Bad and Boujee,Entertainment,34,42,66,58,42,0,0,254,2.54,150,2030-01-01T15:00:00Z,1417,135.33333333333331,70.9655172413793,False
KXGTA6SONGS-30-XOT,What songs will be on the GTA 6 radio at launch?,XO Tour Llif3,Entertainment,30,38,70,62,38,0,2.7,560,5.6000000000000005,480,2030-01-01T15:00:00Z,1417,159.89473684210526,60.064516129032256,False
KXGTA6SONGS-30-LOO,What songs will be on the GTA 6 radio at launch?,Look at Me!,Entertainment,32,38,68,62,39,18.18,0,668,6.68,492,2030-01-01T15:00:00Z,1417,159.89473684210526,60.064516129032256,False
KXGTA6SONGS-30-ROC,What songs will be on the GTA 6 radio at launch?,Rockstar,Entertainment,39,47,61,53,33,0,3.12,386,3.86,158,2030-01-01T15:00:00Z,1417,110.51063829787233,86.9056603773585,False
KXFYREFESTPRICE-30-100,How much will a Fyre Festival 2 General Admission Ticket cost?,At least $100,Companies,68,85,32,15,67,0,0,2266,22.66,1116,2030-01-01T04:59:00Z,1416,17.294117647058822,555.3333333333334,False
KXFYREFESTPRICE-30-500,How much will a Fyre Festival 2 General Admission Ticket cost?,At least $500,Companies,67,77,33,23,66,0,-2.94,56,0.56,28,2030-01-01T04:59:00Z,1416,29.272727272727273,328.0869565217392,False
KXFYREFESTPRICE-30-750,How much will a Fyre Festival 2 General Admission Ticket cost?,At least $750,Companies,65,76,35,24,73,0,-7.59,100,1.0,22,2030-01-01T04:59:00Z,1416,30.94736842105263,310.3333333333333,False
KXFYREFESTPRICE-30-1000,How much will a Fyre Festival 2 General Admission Ticket cost?,At least $1000,Companies,60,70,40,30,72,0,0,4,0.04,0,2030-01-01T04:59:00Z,1416,42.0,228.66666666666666,False
KXFYREFESTPRICE-30-1250,How much will a Fyre Festival 2 General Admission Ticket cost?,At least $1250,Companies,54,66,46,34,54,0,0,168,1.68,10,2030-01-01T04:59:00Z,1416,50.484848484848484,190.23529411764707,False
KXFYREFESTPRICE-30-1400,How much will a Fyre Festival 2 General Admission Ticket cost?,At least $1400,Companies,52,57,48,43,58,0,11.54,1190,11.9,676,2030-01-01T04:59:00Z,1416,73.9298245614035,129.90697674418604,False
KXFYREFESTPRICE-30-1750,How much will a Fyre Festival 2 General Admission Ticket cost?,At least $1750,Companies,29,40,71,60,40,0,0,108,1.08,4,2030-01-01T04:59:00Z,1416,147.0,65.33333333333333,False
KXFYREFESTPRICE-30-2000,How much will a Fyre Festival 2 General Admission Ticket cost?,At least $2000,Companies,19,30,81,70,18,0,0,72,0.72,0,2030-01-01T04:59:00Z,1416,228.66666666666666,42.0,False
KXFYREFESTPRICE-30-3000,How much will a Fyre Festival 2 General Admission Ticket cost?,At least $3000,Companies,15,25,85,75,25,0,0,4,0.04,0,2030-01-01T04:59:00Z,1416,294.0,32.666666666666664,False
KXFYREFESTPRICE-30-5000,How much will a Fyre Festival 2 General Admission Ticket cost?,At least $5000,Companies,9,21,91,79,20,0,0,108,1.08,40,2030-01-01T04:59:00Z,1416,368.66666666666663,26.050632911392402,False
KXEUREF-30-ITA,Will Italy hold a referendum on leaving the EU?,Italy,Politics,3,8,97,92,4,0,-69.23,402,4.0200000000000005,2,2030-01-01T15:00:00Z,1417,1127.0,8.521739130434783,False
KXEUREF-30-FRA,Will France hold a referendum on leaving the EU?,France,Politics,2,8,98,92,2,0,-71.43,700,7.0,144,2030-01-01T15:00:00Z,1417,1127.0,8.521739130434783,False
KXEUREF-30-HUN,Will Hungary hold a referendum on leaving the EU?,Hungary,Politics,3,12,97,88,8,0,-27.27,570,5.7,234,2030-01-01T15:00:00Z,1417,718.6666666666666,13.363636363636363,False
KXEUREF-30-GRE,Will Greece hold a referendum on leaving the EU?,Greece,Politics,2,10,98,90,10,0,-16.67,758,7.58,756,2030-01-01T15:00:00Z,1417,882.0,10.888888888888888,False
KXEUEXITCOUNTRY-30-ITA,Will Italy vote to leave the EU before 2030?,,Politics,0,9,100,91,9,0,200,6552,65.52,6344,2030-01-01T15:00:00Z,1417,990.8888888888889,9.692307692307692,False
KXEUEXITCOUNTRY-30-GER,Will Germany vote to leave the EU before 2030?,,Politics,0,7,100,93,7,0,0,334,3.34,334,2030-01-01T15:00:00Z,1417,1302.0000000000002,7.376344086021505,False
KXEUEXITCOUNTRY-30-FRA,Will France vote to leave the EU before 2030?,,Politics,0,7,100,93,7,0,0,468,4.68,468,2030-01-01T15:00:00Z,1417,1302.0000000000002,7.376344086021505,False
KXEUEXITCOUNTRY-30-SPA,Will Spain vote to leave the EU before 2030?,,Politics,0,7,100,93,7,0,-30,312,3.12,312,2030-01-01T15:00:00Z,1417,1302.0000000000002,7.376344086021505,False
KXEUEXITCOUNTRY-30-POL,Will Poland vote to leave the EU before 2030?,,Politics,0,8,100,92,8,0,300,3662,36.62,982,2030-01-01T15:00:00Z,1417,1127.0,8.521739130434783,False
KXEUEXITCOUNTRY-30-HUN,Will Hungary vote to leave the EU before 2030?,,Politics,5,10,95,90,5,0,-50,7808,78.08,6836,2030-01-01T15:00:00Z,1417,882.0,10.888888888888888,False
KXECCOMPACT-30,Will the National Popular Vote Interstate Compact reach 270 electoral votes before 2030?,Before 2030,Elections,5,15,95,85,6,0,0,104,1.04,50,2030-01-01T15:00:00Z,1417,555.3333333333334,17.294117647058822,False
KXEARTHQUAKEJAPAN-30,Will there be an at least 8.0 magnitude earthquake in Japan before 2030?,Before 2030,Climate and Weather,45,50,55,50,45,-11.76,-30.77,33294,332.94,24232,2030-01-01T04:59:00Z,1416,98.0,98.0,True
KXDATACENTER-30,Will the US start the process of building a nuclear-powered data center on a military base before 2030?,Before 2030,Science and Technology,65,71,35,29,64,-11.11,-4.48,6000,60.0,4214,2030-01-01T04:59:00Z,1416,40.02816901408451,239.93103448275858,True
KXCO2LEVEL-30-440,How bad will CO2 atmospheric concentration get before 2030?,At least 440,World,89,91,11,9,89,0,0,1078,10.78,852,2030-01-01T04:59:00Z,1416,9.692307692307692,990.8888888888889,False
KXCO2LEVEL-30-445,How bad will CO2 atmospheric concentration get before 2030?,At least 445,World,53,57,47,43,53,-11.67,-5.36,1874,18.740000000000002,1088,2030-01-01T04:59:00Z,1416,73.9298245614035,129.90697674418604,True
KXCO2LEVEL-30-450,How bad will CO2 atmospheric concentration get before 2030?,At least 450,World,29,32,71,68,35,0,20.69,326,3.2600000000000002,296,2030-01-01T04:59:00Z,1416,208.25,46.11764705882353,False
KXCO2LEVEL-30-455,How bad will CO2 atmospheric concentration get before 2030?,At least 455,World,16,18,84,82,17,0,13.33,362,3.62,336,2030-01-01T04:59:00Z,1416,446.4444444444444,21.51219512195122,False
KXCO2LEVEL-30-460,How bad will CO2 atmospheric concentration get before 2030?,At least 460,World,5,9,95,91,12,0,200,1862,18.62,1002,2030-01-01T04:59:00Z,1416,990.8888888888889,9.692307692307692,False
KXCASECESSION-30,Will a ballot initiative on California secession qualify for a vote before 2030?,Before 2030,World,29,30,71,70,29,0,31.82,2520,25.2,812,2029-12-22T14:59:00Z,1407,228.66666666666666,42.0,False
KXBUSHBY-30,"When will Karl Bushby reach his home of Hull, England from his walk around the world before 2030?",Before 2030,Transportation,84,91,16,9,90,0,8.43,9202,92.02,3842,2030-01-01T04:59:00Z,1416,9.692307692307692,990.8888888888889,False
KXBOND-30-AP,Will Aaron Pierre be the next James Bond?,,Entertainment,0,12,100,88,1,-80,-80,12316,123.16,6536,2030-01-01T15:00:00Z,1417,718.6666666666666,13.363636363636363,True
KXBOND-30-ATJ,Will Aaron Taylor-Johnson be the next James Bond?,Aaron Taylor-Johnson,Entertainment,11,14,89,86,12,9.09,71.43,150884,1508.84,85826,2030-01-01T15:00:00Z,1417,602.0,15.953488372093025,False
KXBOND-30-TOM,Will Tom Hardy be the next James Bond?,,Entertainment,0,6,100,94,9,0,0,6188,61.88,3332,2030-01-01T15:00:00Z,1417,1535.3333333333333,6.25531914893617,False
KXBOND-30-HC,Will Henry Cavill be the next James Bond?,Henry Cavill,Entertainment,3,6,97,94,6,0,-14.29,35288,352.88,19610,2030-01-01T15:00:00Z,1417,1535.3333333333333,6.25531914893617,False
KXBOND-30-JN,Will James Norton be the next James Bond?,James Norton,Entertainment,0,8,100,92,14,0,0,6416,64.16,6110,2030-01-01T15:00:00Z,1417,1127.0,8.521739130434783,False
KXBOND-30-DI,Will Damson Idris be the next James Bond?,Damson Idris,Entertainment,0,6,100,94,6,0,-33.33,13558,135.58,8196,2030-01-01T15:00:00Z,1417,1535.3333333333333,6.25531914893617,False
KXBOND-30-RM,Will Richard Madden be the next James Bond?,Richard Madden,Entertainment,0,6,100,94,9,0,0,3308,33.08,3204,2030-01-01T15:00:00Z,1417,1535.3333333333333,6.25531914893617,False
KXBOND-30-REG,Will RegÃ©-Jean Page be the next James Bond?,,Entertainment,0,6,100,94,9,0,0,1164,11.64,448,2030-01-01T15:00:00Z,1417,1535.3333333333333,6.25531914893617,False
KXBOND-30-THEO,Will Theo James be the next James Bond?,,Entertainment,6,9,94,91,9,0,80,16002,160.02,11426,2030-01-01T15:00:00Z,1417,990.8888888888889,9.692307692307692,False
KXBOND-30-CIL,Will Cillian Murphy be the next James Bond?,,Entertainment,0,6,100,94,9,0,0,2698,26.98,2652,2030-01-01T15:00:00Z,1417,1535.3333333333333,6.25531914893617,False
KXBOND-30-JON,Will Jonathan Bailey be the next James Bond?,,Entertainment,2,6,98,94,11,0,-8.33,7264,72.64,4864,2030-01-01T15:00:00Z,1417,1535.3333333333333,6.25531914893617,False
KXBOND-30-HAR,Will Harris Dickinson be the next James Bond?,,Entertainment,3,9,97,91,10,0,0,19532,195.32,10624,2030-01-01T15:00:00Z,1417,990.8888888888889,9.692307692307692,False
KXBOND-30-JAC,Will Jack Lowden be the next James Bond?,,Entertainment,0,8,100,92,9,-25,-25,4220,42.2,3780,2030-01-01T15:00:00Z,1417,1127.0,8.521739130434783,True
KXBOND-30-IDRIS,Will Idris Elba be the next James Bond?,,Entertainment,7,11,93,89,11,37.5,37.5,10732,107.32000000000001,9590,2030-01-01T15:00:00Z,1417,792.909090909091,12.112359550561798,False
KXBOND-30-TOMH,Will Tom Holland be the next James Bond?,,Entertainment,0,9,100,91,13,0,225,14242,142.42000000000002,9708,2030-01-01T15:00:00Z,1417,990.8888888888889,9.692307692307692,False
KXBOND-30-JACO,Will Jacob Elordi be the next James Bond?,,Entertainment,10,14,90,86,14,27.27,-36.36,38900,389.0,27420,2030-01-01T15:00:00Z,1417,602.0,15.953488372093025,False
KXBOND-30-CHARL,Will Charlie Hunnam be the next James Bond?,,Entertainment,0,6,100,94,9,0,0,1160,11.6,910,2030-01-01T15:00:00Z,1417,1535.3333333333333,6.25531914893617,False
KXBOND-30-SCO,Will Scott Rose-Marsh be the next James Bond?,,Entertainment,0,3,100,97,7,0,0,1440,14.4,926,2030-01-01T15:00:00Z,1417,3168.666666666667,3.0309278350515467,False
KXBOND-30-JOS,Will Josh O'Connor be the next James Bond?,,Entertainment,14,19,86,81,21,0,10.53,20224,202.24,19510,2030-01-01T15:00:00Z,1417,417.7894736842106,22.98765432098765,False
KXBOND-30-CAL,Will Callum Turner be the next James Bond?,,Entertainment,37,42,63,58,39,2.63,-13.33,142100,1421.0,96106,2030-01-01T15:00:00Z,1417,135.33333333333331,70.9655172413793,False
KXBLUESPACEX-30,Will Blue Origin land an uncrewed Blue Moon MK1 lander on the moon before SpaceX lands an uncrewed Starship?,Before 2030,Science and Technology,64,70,36,30,70,11.11,20.69,66032,660.32,38644,2030-01-01T15:00:00Z,1417,42.0,228.66666666666666,False
