Strategy,Market,Entry Price,Price 24h Ago,Change %,Trend Filter,RVR,Outcome,Exit Price,P&L %,Exit Reason
UNFILTERED,"Will a Democrat win Michigan US Senate Election?",0.5353,0.3804,40.72,PASS,2.99,WIN,0.6423,20.00,target-hit
UNFILTERED,"Will a Democrat win Michigan US Senate Election?",0.6223,0.5829,6.75,PASS,1.66,WIN,0.7468,20.00,market-close
UNFILTERED,"Will a Republican win Michigan US Senate Election?",0.4044,0.4018,0.64,PASS,2.53,WIN,0.4853,20.00,market-close
UNFILTERED,"Will a Republican win Michigan US Senate Election?",0.6408,0.5339,20.02,PASS,1.70,WIN,0.7690,20.00,target-hit
UNFILTERED,"Will a candidate from another party win US Michigan Senate Election?",0.5563,0.5034,10.50,PASS,2.22,LOSS,0.4895,-12.00,stop-loss
UNFILTERED,"Will a candidate from another party win US Michigan Senate Election?",0.6831,0.5865,16.47,PASS,1.53,WIN,0.8197,20.00,market-close
UNFILTERED,"Will a candidate from another party win US Michigan Senate Election?",0.3973,0.3882,2.35,PASS,1.63,LOSS,0.3497,-12.00,stop-loss
UNFILTERED,"Will Arizona be Trump's worst state on March 19?",0.5550,0.4168,33.15,PASS,2.22,WIN,0.6660,20.00,market-close
UNFILTERED,"Will Florida be Trump's worst state on March 19?",0.4771,0.3594,32.77,PASS,2.05,WIN,0.5725,20.00,target-hit
UNFILTERED,"Will Kansas be Trump's worst state on March 19?",0.5789,0.4297,34.72,PASS,1.99,WIN,0.6946,20.00,target-hit
UNFILTERED,"Will Ohio be Trump's worst state on March 19?",0.5639,0.3777,49.30,PASS,2.41,WIN,0.6767,20.00,target-hit
UNFILTERED,"Will Ohio be Trump's worst state on March 19?",0.4051,0.3957,2.37,PASS,1.81,WIN,0.4861,20.00,market-close
UNFILTERED,"Will Arizona be Trump's best state on March 19?",0.4351,0.4227,2.95,PASS,2.17,WIN,0.5222,20.00,target-hit
UNFILTERED,"Will Arizona be Trump's best state on March 19?",0.4480,0.4159,7.72,PASS,2.04,WIN,0.5376,20.00,target-hit
UNFILTERED,"Will Ohio be Trump's best state on March 19?",0.5333,0.4831,10.40,PASS,2.33,WIN,0.6400,20.00,market-close
UNFILTERED,"Senegal Presidential Election: Amadou Ba wins?",0.5782,0.4220,37.00,PASS,1.95,WIN,0.6938,20.00,target-hit
UNFILTERED,"Senegal Presidential Election: Bassirou Diomaye Faye wins?",0.4280,0.3906,9.57,PASS,2.25,WIN,0.5136,20.00,market-close
UNFILTERED,"Senegal Presidential Election: Bassirou Diomaye Faye wins?",0.4347,0.3858,12.66,PASS,1.57,WIN,0.5216,20.00,market-close
UNFILTERED,"Will the Atlanta Falcons sign Kirk Cousins? ",0.5431,0.4199,29.32,PASS,2.18,WIN,0.6517,20.00,market-close
UNFILTERED,"Will Mike Tyson win his boxing match against Jake Paul?",0.4751,0.4010,18.47,PASS,3.00,WIN,0.5701,20.00,market-close
UNFILTERED,"Will Mike Tyson win his boxing match against Jake Paul?",0.7307,0.6469,12.95,PASS,1.86,WIN,0.8768,20.00,target-hit
UNFILTERED,"Will Jake Paul vs. Mike Tyson have no official winner?",0.5403,0.3487,54.93,PASS,3.40,WIN,0.6484,20.00,market-close
UNFILTERED,"Will Jake Paul vs. Mike Tyson have no official winner?",0.6393,0.6269,1.97,PASS,1.73,WIN,0.7671,20.00,market-close
UNFILTERED,"Will Jake Paul vs. Mike Tyson have no official winner?",0.3352,0.3286,1.99,PASS,1.34,LOSS,0.2949,-12.00,stop-loss
UNFILTERED,"Will Jake Paul vs. Mike Tyson have no official winner?",0.4409,0.3637,21.22,PASS,3.16,WIN,0.5291,20.00,target-hit
UNFILTERED,"Will Jake Paul win his boxing match against Mike Tyson?",0.7432,0.5972,24.43,PASS,1.78,WIN,0.8918,20.00,market-close
UNFILTERED,"GPT-5 announced in Q2 2024?",0.5108,0.4376,16.73,PASS,1.92,WIN,0.6130,20.00,target-hit
UNFILTERED,"GPT-5 announced in Q3 2024?",0.6262,0.5908,6.00,PASS,1.85,WIN,0.7515,20.00,market-close
UNFILTERED,"GPT-5 announced in Q3 2024?",0.3689,0.3332,10.71,PASS,1.30,LOSS,0.3246,-12.00,stop-loss
UNFILTERED,"GPT-5 not announced in 2024?",0.3663,0.3414,7.29,PASS,2.58,WIN,0.4395,20.00,market-close
UNFILTERED,"GPT-5 not announced in 2024?",0.5898,0.5703,3.42,PASS,2.41,LOSS,0.5190,-12.00,stop-loss
UNFILTERED,"GPT-5 not announced in 2024?",0.6755,0.5614,20.31,PASS,1.96,WIN,0.8106,20.00,target-hit
UNFILTERED,"GPT-5 announced in Q4 2024?",0.5085,0.3830,32.77,PASS,3.09,WIN,0.6102,20.00,target-hit
UNFILTERED,"GPT-5 announced in Q4 2024?",0.5974,0.5083,17.54,PASS,2.15,LOSS,0.4899,-18.00,market-close
UNFILTERED,"GPT-5 announced in Q4 2024?",0.7329,0.5858,25.11,PASS,1.87,WIN,0.8795,20.00,market-close
UNFILTERED,"Will a Democrat win West Virginia Governor Election?",0.5374,0.4661,15.28,PASS,2.14,WIN,0.6448,20.00,target-hit
UNFILTERED,"Will a candidate from another party win West Virginia Governor Election?",0.4453,0.4103,8.52,PASS,2.63,WIN,0.5343,20.00,market-close
UNFILTERED,"Will a candidate from another party win West Virginia Governor Election?",0.5810,0.5514,5.38,PASS,2.75,LOSS,0.5113,-12.00,stop-loss
UNFILTERED,"Will a Republican win West Virginia Governor Election?",0.5048,0.4984,1.28,PASS,1.93,WIN,0.6057,20.00,target-hit
UNFILTERED,"Will a Democrat win Washington Governor Election?",0.4000,0.3994,0.15,PASS,1.68,WIN,0.4800,20.00,market-close
UNFILTERED,"Will a Republican win Washington Governor Election?",0.5360,0.3872,38.45,PASS,1.80,WIN,0.6432,20.00,market-close
UNFILTERED,"Will a candidate from another party win Washington Governor Election?",0.4082,0.3082,32.42,PASS,3.25,WIN,0.4898,20.00,market-close
UNFILTERED,"Will a candidate from another party win Washington Governor Election?",0.6241,0.5836,6.94,PASS,2.45,LOSS,0.5492,-12.00,stop-loss
UNFILTERED,"Will a candidate from another party win Washington Governor Election?",0.7271,0.5217,39.36,PASS,1.86,WIN,0.8725,20.00,target-hit
UNFILTERED,"Will a candidate from another party win Washington Governor Election?",0.4340,0.4041,7.40,PASS,3.14,WIN,0.5208,20.00,market-close
UNFILTERED,"Will a candidate from another party win Washington Governor Election?",0.5245,0.5225,0.39,PASS,2.75,LOSS,0.4616,-12.00,stop-loss
UNFILTERED,"Will a Republican win Utah Governor Election?",0.4986,0.3749,32.99,PASS,2.25,WIN,0.5983,20.00,target-hit
UNFILTERED,"Will a Republican win Utah Governor Election?",0.4059,0.3713,9.32,PASS,2.02,WIN,0.4870,20.00,target-hit
UNFILTERED,"Will a Republican win North Dakota Governor Election?",0.5150,0.3876,32.86,PASS,2.38,WIN,0.6180,20.00,market-close
UNFILTERED,"Will a candidate from another party win North Dakota Governor Election?",0.5132,0.4717,8.78,PASS,2.33,WIN,0.6158,20.00,market-close
UNFILTERED,"Will a candidate from another party win North Dakota Governor Election?",0.4074,0.3684,10.58,PASS,2.02,WIN,0.4888,20.00,market-close
UNFILTERED,"Will a Democrat win North Dakota Governor Election?",0.4929,0.3716,32.65,PASS,2.32,WIN,0.5915,20.00,target-hit
UNFILTERED,"Will a Democrat win North Dakota Governor Election?",0.3918,0.3743,4.66,PASS,1.90,WIN,0.4702,20.00,market-close
UNFILTERED,"Will a Democrat win Montana Governor Election?",0.4484,0.4105,9.25,PASS,2.05,WIN,0.5381,20.00,market-close
UNFILTERED,"Will a candidate from another party win Montana Governor Election?",0.4483,0.4087,9.69,PASS,1.98,WIN,0.5380,20.00,target-hit
UNFILTERED,"Will a Republican win Montana Governor Election?",0.5335,0.4054,31.60,PASS,1.86,WIN,0.6402,20.00,target-hit
UNFILTERED,"Will a Republican win Missouri Governor Election?",0.5990,0.4961,20.75,PASS,1.81,WIN,0.7188,20.00,market-close
UNFILTERED,"Will a Democrat win Missouri Governor Election?",0.4477,0.3593,24.62,PASS,1.99,WIN,0.5373,20.00,market-close
UNFILTERED,"Will a candidate from another party win Missouri Governor Election?",0.4512,0.4166,8.29,PASS,1.96,WIN,0.5414,20.00,market-close
UNFILTERED,"Will a candidate from another party win Indiana Governor Election?",0.3802,0.3305,15.05,PASS,3.38,WIN,0.4563,20.00,market-close
UNFILTERED,"Will a candidate from another party win Indiana Governor Election?",0.6865,0.5171,32.75,PASS,1.93,WIN,0.8238,20.00,target-hit
UNFILTERED,"Will a Republican win Indiana Governor Election?",0.4666,0.3630,28.55,PASS,2.09,WIN,0.5599,20.00,target-hit
UNFILTERED,"Will a Democrat win Indiana Governor Election?",0.5469,0.4865,12.40,PASS,1.84,WIN,0.6562,20.00,market-close
UNFILTERED,"Will a Republican win New Hampshire Governor Election?",0.4579,0.3824,19.75,PASS,1.98,WIN,0.5495,20.00,target-hit
UNFILTERED,"Will a Democrat win New Hampshire Governor Election?",0.5556,0.4042,37.45,PASS,2.24,WIN,0.6667,20.00,market-close
UNFILTERED,"Will a Democrat win New Hampshire Governor Election?",0.4448,0.3584,24.13,PASS,1.63,WIN,0.5338,20.00,target-hit
UNFILTERED,"Will a candidate from another party win New Hampshire Governor Election?",0.5636,0.4637,21.54,PASS,1.98,WIN,0.6763,20.00,market-close
UNFILTERED,"Will a candidate from another party win New Hampshire Governor Election?",0.4144,0.3917,5.80,PASS,1.73,WIN,0.4973,20.00,target-hit
UNFILTERED,"Will US gain between 200k and 275k jobs in March?",0.5931,0.4366,35.83,PASS,2.09,WIN,0.7117,20.00,target-hit
UNFILTERED,"Will US gain less than 200k jobs in March?",0.5872,0.4154,41.38,PASS,1.99,WIN,0.7047,20.00,market-close
UNFILTERED,"Will a Democrat win North Carolina Governor Election?",0.4118,0.3500,17.66,PASS,3.20,WIN,0.4942,20.00,market-close
UNFILTERED,"Will a Democrat win North Carolina Governor Election?",0.5777,0.5270,9.62,PASS,2.51,LOSS,0.5084,-12.00,stop-loss
UNFILTERED,"Will a Republican win North Carolina Governor Election?",0.4908,0.3541,38.60,PASS,3.04,WIN,0.5890,20.00,market-close
UNFILTERED,"Will a Republican win North Carolina Governor Election?",0.7155,0.5629,27.09,PASS,1.91,WIN,0.8586,20.00,market-close
UNFILTERED,"Will a candidate from another party win North Carolina Governor Election?",0.4744,0.3508,35.23,PASS,3.09,WIN,0.5693,20.00,target-hit
UNFILTERED,"Will a candidate from another party win North Carolina Governor Election?",0.6136,0.5628,9.03,PASS,2.36,LOSS,0.5031,-18.00,market-close
UNFILTERED,"Will a candidate from another party win North Carolina Governor Election?",0.5896,0.5046,16.84,PASS,1.97,WIN,0.7075,20.00,target-hit
UNFILTERED,"Will Garvey win the California Senate Primary by more than 4% of the vote?",0.4400,0.4033,9.08,PASS,3.21,WIN,0.5280,20.00,target-hit
UNFILTERED,"Will Garvey win the California Senate Primary by more than 4% of the vote?",0.6860,0.5289,29.70,PASS,1.52,WIN,0.8232,20.00,market-close
UNFILTERED,"Will Garvey win the California Senate Primary by more than 4% of the vote?",0.3643,0.3260,11.77,PASS,1.34,LOSS,0.3206,-12.00,stop-loss
UNFILTERED,"Will Garvey win the California Senate Primary by between 0-2% of the vote?",0.5499,0.4973,10.59,PASS,1.95,WIN,0.6599,20.00,target-hit
UNFILTERED,"Will Schiff win the California Senate Primary?",0.5160,0.4027,28.13,PASS,2.71,WIN,0.6192,20.00,market-close
UNFILTERED,"Will Schiff win the California Senate Primary?",0.5962,0.5163,15.47,PASS,1.96,WIN,0.7155,20.00,market-close
UNFILTERED,"Will Schiff win the California Senate Primary?",0.3625,0.3301,9.83,PASS,1.27,LOSS,0.3190,-12.00,stop-loss
UNFILTERED,"Will Schiff win the California Senate Primary?",0.4659,0.4512,3.27,PASS,3.11,LOSS,0.3821,-18.00,market-close
UNFILTERED,"Will Garvey win the California Senate Primary by between 2-4% of the vote?",0.5023,0.4291,17.06,PASS,2.11,WIN,0.6027,20.00,target-hit
UNFILTERED,"Will Trump win Alabama Republican Primary?",0.5150,0.4122,24.93,PASS,2.21,WIN,0.6179,20.00,target-hit
UNFILTERED,"Will Trump win Colorado Republican Primary?",0.4637,0.3243,42.99,PASS,2.58,WIN,0.5564,20.00,market-close
UNFILTERED,"Will Trump win Colorado Republican Primary?",0.5546,0.5489,1.04,PASS,1.99,WIN,0.6655,20.00,market-close
UNFILTERED,"Will Trump win Colorado Republican Primary?",0.3968,0.3321,19.49,PASS,1.50,LOSS,0.3492,-12.00,stop-loss
UNFILTERED,"Will Trump win Colorado Republican Primary?",0.5050,0.4917,2.70,PASS,2.98,LOSS,0.4141,-18.00,market-close
UNFILTERED,"Will Trump win Alaska Republican Primary?",0.3673,0.3460,6.14,PASS,3.29,WIN,0.4407,20.00,market-close
UNFILTERED,"Will Trump win Alaska Republican Primary?",0.6110,0.5364,13.91,PASS,1.95,WIN,0.7332,20.00,market-close
UNFILTERED,"Will Trump win Alaska Republican Primary?",0.3997,0.3332,19.96,PASS,1.47,LOSS,0.3517,-12.00,stop-loss
UNFILTERED,"Will Trump win California Republican Primary?",0.4401,0.4343,1.34,PASS,2.67,WIN,0.5282,20.00,market-close
UNFILTERED,"Will Trump win Massachusetts Republican Primary?",0.5982,0.4369,36.94,PASS,2.16,WIN,0.7179,20.00,market-close
UNFILTERED,"Will Trump win Oklahoma Republican Primary?",0.4619,0.3603,28.20,PASS,3.28,WIN,0.5543,20.00,market-close
UNFILTERED,"Will Trump win Oklahoma Republican Primary?",0.5847,0.5521,5.89,PASS,1.88,WIN,0.7016,20.00,market-close
UNFILTERED,"Will Trump win Vermont Republican Primary?",0.6000,0.5017,19.61,PASS,1.72,WIN,0.7200,20.00,market-close
UNFILTERED,"Will Trump win Vermont Republican Primary?",0.3907,0.3479,12.31,PASS,1.35,LOSS,0.3438,-12.00,stop-loss
UNFILTERED,"Will Trump win Maine Republican Primary?",0.4414,0.4298,2.70,PASS,2.24,WIN,0.5297,20.00,target-hit
UNFILTERED,"Will Trump win Tennessee Republican Primary?",0.4957,0.3679,34.72,PASS,2.42,WIN,0.5948,20.00,target-hit
UNFILTERED,"Will Trump win Tennessee Republican Primary?",0.4182,0.3602,16.09,PASS,1.62,WIN,0.5018,20.00,market-close
UNFILTERED,"Will Trump win North Carolina Republican Primary?",0.5447,0.4768,14.24,PASS,2.40,WIN,0.6536,20.00,market-close
UNFILTERED,"Will Trump win Texas Republican Primary?",0.4217,0.3623,16.40,PASS,2.92,WIN,0.5060,20.00,target-hit
UNFILTERED,"Will Trump win Texas Republican Primary?",0.5293,0.5046,4.89,PASS,2.05,LOSS,0.4340,-18.00,market-close
UNFILTERED,"Will Trump win Texas Republican Primary?",0.6570,0.6370,3.14,PASS,1.92,WIN,0.7884,20.00,target-hit
UNFILTERED,"Will Trump win Virginia Republican Primary?",0.5303,0.4171,27.13,PASS,2.13,WIN,0.6364,20.00,target-hit
UNFILTERED,"Will Trump win Utah Republican Primary?",0.5793,0.4393,31.87,PASS,2.31,WIN,0.6952,20.00,market-close
UNFILTERED,"Will Biden say ""Trump"" during his State of the Union address?",0.4213,0.4132,1.97,PASS,1.70,WIN,0.5056,20.00,target-hit
UNFILTERED,"Will Matt Dolan win the Ohio Republican Senate Primary?",0.5400,0.4756,13.53,PASS,2.37,WIN,0.6480,20.00,market-close
UNFILTERED,"Will Matt Dolan win the Ohio Republican Senate Primary?",0.4408,0.3883,13.53,PASS,1.97,WIN,0.5290,20.00,target-hit
UNFILTERED,"Will Frank LaRose win the Ohio Republican Senate Primary?",0.5625,0.3905,44.04,PASS,2.06,WIN,0.6750,20.00,target-hit
UNFILTERED,"Will another candidate win the Ohio Republican Senate Primary?",0.4450,0.3571,24.61,PASS,2.11,WIN,0.5340,20.00,market-close
UNFILTERED,"Will the DPK win the most seats in the South Korean election?",0.4907,0.3802,29.08,PASS,2.31,WIN,0.5888,20.00,target-hit
UNFILTERED,"Will the DPK win the most seats in the South Korean election?",0.3850,0.3591,7.22,PASS,1.73,WIN,0.4620,20.00,target-hit
UNFILTERED,"Will the PPP win the most seats in the South Korean election?",0.4434,0.4270,3.84,PASS,2.00,WIN,0.5321,20.00,market-close
UNFILTERED,"Will Steve Garvey get first place in the California Senate Primary?",0.4497,0.3404,32.11,PASS,2.67,WIN,0.5397,20.00,market-close
UNFILTERED,"Will Steve Garvey get first place in the California Senate Primary?",0.5591,0.5358,4.34,PASS,2.66,LOSS,0.4920,-12.00,stop-loss
UNFILTERED,"Will Steve Garvey get first place in the California Senate Primary?",0.6378,0.5320,19.88,PASS,1.52,WIN,0.7654,20.00,target-hit
UNFILTERED,"Will Steve Garvey get first place in the California Senate Primary?",0.3931,0.3129,25.60,PASS,1.36,LOSS,0.3459,-12.00,stop-loss
UNFILTERED,"Will Adam Schiff get first place in the California Senate Primary?",0.6424,0.5015,28.10,PASS,1.58,WIN,0.7709,20.00,market-close
UNFILTERED,"Will Katie Porter get first place in the California Senate Primary?",0.4939,0.4303,14.79,PASS,1.80,WIN,0.5927,20.00,target-hit
UNFILTERED,"Will Colin Allred win the Texas Democratic Senate Primary?",0.5369,0.4985,7.71,PASS,2.03,WIN,0.6442,20.00,market-close
UNFILTERED,"Will a candidate from another party win Wyoming Presidential Election?",0.5397,0.5102,5.77,PASS,2.59,LOSS,0.4425,-18.00,market-close
UNFILTERED,"Will a candidate from another party win Wyoming Presidential Election?",0.3493,0.3241,7.77,PASS,1.24,LOSS,0.2864,-18.00,market-close
UNFILTERED,"Will a candidate from another party win Wyoming Presidential Election?",0.4073,0.4013,1.49,PASS,3.55,WIN,0.4887,20.00,market-close
UNFILTERED,"Will a Democrat win Wyoming Presidential Election?",0.4153,0.4026,3.17,PASS,2.85,WIN,0.4984,20.00,market-close
UNFILTERED,"Will a Democrat win Wyoming Presidential Election?",0.6954,0.5656,22.95,PASS,1.81,WIN,0.8345,20.00,market-close
UNFILTERED,"Will a Democrat win Wyoming Presidential Election?",0.3899,0.3709,5.12,PASS,1.56,LOSS,0.3431,-12.00,stop-loss
UNFILTERED,"Will a Democrat win Wyoming Presidential Election?",0.4393,0.3595,22.18,PASS,3.21,WIN,0.5271,20.00,market-close
UNFILTERED,"Will a Republican win Wyoming Presidential Election?",0.4491,0.3127,43.63,PASS,2.65,WIN,0.5389,20.00,market-close
UNFILTERED,"Will a Republican win Wyoming Presidential Election?",0.6327,0.5645,12.08,PASS,1.62,WIN,0.7593,20.00,target-hit
UNFILTERED,"Will a Republican win Wyoming Presidential Election?",0.4940,0.4791,3.10,PASS,2.83,LOSS,0.4051,-18.00,market-close
UNFILTERED,"Will a candidate from another party win Wisconsin Presidential Election?",0.4407,0.3480,26.64,PASS,2.92,WIN,0.5289,20.00,target-hit
UNFILTERED,"Will a candidate from another party win Wisconsin Presidential Election?",0.5660,0.5402,4.79,PASS,2.17,LOSS,0.4981,-12.00,stop-loss
UNFILTERED,"Will a candidate from another party win Wisconsin Presidential Election?",0.6872,0.6380,7.71,PASS,1.71,WIN,0.8246,20.00,market-close
UNFILTERED,"Will a candidate from another party win Wisconsin Presidential Election?",0.4126,0.3937,4.81,PASS,3.19,WIN,0.4951,20.00,market-close
UNFILTERED,"Will a candidate from another party win Wisconsin Presidential Election?",0.5463,0.5072,7.71,PASS,3.13,LOSS,0.4808,-12.00,stop-loss
UNFILTERED,"Will a Democrat win Wisconsin Presidential Election?",0.7063,0.5852,20.70,PASS,1.52,WIN,0.8476,20.00,market-close
UNFILTERED,"Will a Republican win Wisconsin Presidential Election?",0.6026,0.5161,16.77,PASS,2.50,LOSS,0.5303,-12.00,stop-loss
UNFILTERED,"Will a Republican win Wisconsin Presidential Election?",0.7094,0.6198,14.45,PASS,1.63,WIN,0.8513,20.00,market-close
UNFILTERED,"Will a Republican win Wisconsin Presidential Election?",0.5310,0.5097,4.17,PASS,3.16,LOSS,0.4673,-12.00,stop-loss
UNFILTERED,"Will a candidate from another party win West Virginia Presidential Election?",0.4492,0.4007,12.12,PASS,2.69,WIN,0.5390,20.00,market-close
UNFILTERED,"Will a Democrat win West Virginia Presidential Election?",0.5964,0.4483,33.05,PASS,2.38,WIN,0.7157,20.00,market-close
UNFILTERED,"Will a Republican win West Virginia Presidential Election?",0.4775,0.3040,57.04,PASS,2.75,WIN,0.5730,20.00,market-close
UNFILTERED,"Will a Republican win West Virginia Presidential Election?",0.5643,0.5096,10.72,PASS,1.71,WIN,0.6771,20.00,target-hit
UNFILTERED,"Will a Republican win West Virginia Presidential Election?",0.5102,0.5038,1.26,PASS,3.05,LOSS,0.4183,-18.00,market-close
UNFILTERED,"Will a Democrat win Washington Presidential Election?",0.4841,0.4409,9.80,PASS,3.39,WIN,0.5810,20.00,market-close
UNFILTERED,"Will a candidate from another party win Washington Presidential Election?",0.4207,0.3299,27.54,PASS,2.70,WIN,0.5049,20.00,target-hit
UNFILTERED,"Will a Republican win Washington Presidential Election?",0.5204,0.3897,33.54,PASS,2.91,WIN,0.6245,20.00,market-close
UNFILTERED,"Will a Republican win Washington Presidential Election?",0.7075,0.6028,17.37,PASS,1.56,WIN,0.8490,20.00,target-hit
UNFILTERED,"Will a Democrat win Virginia Presidential Election?",0.4878,0.4081,19.53,PASS,3.11,WIN,0.5854,20.00,market-close
UNFILTERED,"Will a Democrat win Virginia Presidential Election?",0.6067,0.6054,0.21,PASS,2.14,LOSS,0.5339,-12.00,stop-loss
UNFILTERED,"Will a Democrat win Virginia Presidential Election?",0.5542,0.5395,2.72,PASS,1.62,WIN,0.6650,20.00,market-close
UNFILTERED,"Will a Democrat win Virginia Presidential Election?",0.5218,0.4642,12.39,PASS,2.64,LOSS,0.4591,-12.00,stop-loss
UNFILTERED,"Will a Republican win Virginia Presidential Election?",0.4449,0.3830,16.16,PASS,3.42,WIN,0.5339,20.00,market-close
UNFILTERED,"Will a Republican win Virginia Presidential Election?",0.6036,0.5390,11.98,PASS,2.72,LOSS,0.5311,-12.00,stop-loss
UNFILTERED,"Will a Republican win Virginia Presidential Election?",0.6894,0.5325,29.47,PASS,1.60,WIN,0.8273,20.00,market-close
UNFILTERED,"Will a candidate from another party win Virginia Presidential Election?",0.4969,0.3420,45.29,PASS,3.05,WIN,0.5963,20.00,market-close
UNFILTERED,"Will Trump win the Missouri Caucus by between 50-60% of the vote?",0.5962,0.4257,40.04,PASS,2.08,WIN,0.7154,20.00,target-hit
UNFILTERED,"Will a Democrat win Vermont Presidential Election?",0.5384,0.3037,77.29,PASS,2.65,WIN,0.6461,20.00,market-close
UNFILTERED,"Will a Democrat win Vermont Presidential Election?",0.6801,0.5096,33.47,PASS,1.66,WIN,0.8162,20.00,market-close
UNFILTERED,"Will a Democrat win Vermont Presidential Election?",0.3542,0.3401,4.17,PASS,1.48,LOSS,0.3117,-12.00,stop-loss
UNFILTERED,"Will a Democrat win Vermont Presidential Election?",0.5286,0.4995,5.83,PASS,2.55,LOSS,0.4334,-18.00,market-close
UNFILTERED,"Will a Republican win Vermont Presidential Election?",0.4951,0.3549,39.51,PASS,2.81,WIN,0.5941,20.00,market-close
UNFILTERED,"Will a Republican win Vermont Presidential Election?",0.5947,0.5114,16.29,PASS,2.78,LOSS,0.5233,-12.00,stop-loss
UNFILTERED,"Will a Republican win Vermont Presidential Election?",0.6113,0.5711,7.04,PASS,1.52,WIN,0.7336,20.00,market-close
UNFILTERED,"Will a Republican win Vermont Presidential Election?",0.3877,0.3519,10.18,PASS,3.28,WIN,0.4652,20.00,market-close
UNFILTERED,"Will a Republican win Vermont Presidential Election?",0.5267,0.4911,7.25,PASS,2.82,LOSS,0.4635,-12.00,stop-loss
UNFILTERED,"Will a candidate from another party win Vermont Presidential Election?",0.4270,0.4141,3.11,PASS,3.42,WIN,0.5124,20.00,target-hit
UNFILTERED,"Will a candidate from another party win Vermont Presidential Election?",0.6528,0.5450,19.77,PASS,1.61,WIN,0.7833,20.00,market-close
UNFILTERED,"Will a Democrat win Michigan US Senate Election?",0.5330,0.5433,-1.89,FAIL,2.11,LOSS,0.4371,-18.00,market-close
UNFILTERED,"Will a Democrat win Michigan US Senate Election?",0.2972,0.4254,-30.14,FAIL,1.51,LOSS,0.2437,-18.00,market-close
UNFILTERED,"Will a Democrat win Michigan US Senate Election?",0.3008,0.4176,-27.97,FAIL,3.20,WIN,0.3609,20.00,target-hit
UNFILTERED,"Will a Democrat win Michigan US Senate Election?",0.4789,0.6087,-21.33,FAIL,2.76,LOSS,0.3927,-18.00,market-close
UNFILTERED,"Will a Republican win Michigan US Senate Election?",0.5294,0.6154,-13.98,FAIL,2.16,LOSS,0.4659,-12.00,stop-loss
UNFILTERED,"Will a Republican win Michigan US Senate Election?",0.3494,0.4487,-22.14,FAIL,1.45,LOSS,0.3075,-12.00,stop-loss
UNFILTERED,"Will a Republican win Michigan US Senate Election?",0.3886,0.5301,-26.69,FAIL,2.95,WIN,0.4663,20.00,market-close
UNFILTERED,"Will a Republican win Michigan US Senate Election?",0.4438,0.5204,-14.72,FAIL,2.89,LOSS,0.3905,-12.00,stop-loss
UNFILTERED,"Will a candidate from another party win US Michigan Senate Election?",0.3596,0.4454,-19.27,FAIL,3.38,WIN,0.4315,20.00,market-close
UNFILTERED,"Will a candidate from another party win US Michigan Senate Election?",0.3491,0.5296,-34.08,FAIL,3.16,WIN,0.4189,20.00,target-hit
UNFILTERED,"Will a candidate from another party win US Michigan Senate Election?",0.4814,0.4846,-0.66,FAIL,2.78,LOSS,0.4236,-12.00,stop-loss
UNFILTERED,"Will Arizona be Trump's worst state on March 19?",0.3031,0.3504,-13.52,FAIL,1.66,WIN,0.3637,20.00,target-hit
UNFILTERED,"Will Florida be Trump's worst state on March 19?",0.4081,0.4822,-15.37,FAIL,1.61,WIN,0.4897,20.00,target-hit
UNFILTERED,"Will Kansas be Trump's worst state on March 19?",0.3734,0.4702,-20.60,FAIL,1.94,WIN,0.4480,20.00,market-close
UNFILTERED,"Will Ohio be Trump's best state on March 19?",0.3738,0.4881,-23.43,FAIL,2.05,WIN,0.4486,20.00,market-close
UNFILTERED,"Will Kansas be Trump's best state on March 19?",0.4026,0.4358,-7.63,FAIL,1.87,WIN,0.4831,20.00,market-close
UNFILTERED,"Will Kansas be Trump's best state on March 19?",0.3672,0.4772,-23.06,FAIL,1.89,WIN,0.4406,20.00,market-close
UNFILTERED,"Senegal Presidential Election: Amadou Ba wins?",0.4405,0.4588,-3.99,FAIL,1.83,WIN,0.5286,20.00,market-close
UNFILTERED,"Will the Atlanta Falcons sign Kirk Cousins? ",0.4173,0.4994,-16.45,FAIL,1.85,WIN,0.5007,20.00,market-close
UNFILTERED,"Will Mike Tyson win his boxing match against Jake Paul?",0.5904,0.5975,-1.18,FAIL,2.01,LOSS,0.5196,-12.00,stop-loss
UNFILTERED,"Will Mike Tyson win his boxing match against Jake Paul?",0.2739,0.3156,-13.21,FAIL,1.57,LOSS,0.2411,-12.00,stop-loss
UNFILTERED,"Will Mike Tyson win his boxing match against Jake Paul?",0.3614,0.3806,-5.03,FAIL,2.83,WIN,0.4337,20.00,target-hit
UNFILTERED,"Will Mike Tyson win his boxing match against Jake Paul?",0.4639,0.5245,-11.54,FAIL,2.78,LOSS,0.4083,-12.00,stop-loss
UNFILTERED,"Will Jake Paul vs. Mike Tyson have no official winner?",0.4797,0.6410,-25.18,FAIL,2.03,LOSS,0.4221,-12.00,stop-loss
UNFILTERED,"Will Jake Paul vs. Mike Tyson have no official winner?",0.4951,0.5827,-15.04,FAIL,2.65,LOSS,0.4357,-12.00,stop-loss
UNFILTERED,"Will Jake Paul win his boxing match against Mike Tyson?",0.4357,0.4393,-0.80,FAIL,2.69,WIN,0.5229,20.00,market-close
UNFILTERED,"Will Jake Paul win his boxing match against Mike Tyson?",0.4600,0.5801,-20.70,FAIL,2.59,LOSS,0.4048,-12.00,stop-loss
UNFILTERED,"Will Jake Paul win his boxing match against Mike Tyson?",0.2626,0.3230,-18.72,FAIL,1.47,LOSS,0.2311,-12.00,stop-loss
UNFILTERED,"Will Jake Paul win his boxing match against Mike Tyson?",0.3039,0.4394,-30.85,FAIL,3.14,WIN,0.3647,20.00,market-close
UNFILTERED,"Will Jake Paul win his boxing match against Mike Tyson?",0.4739,0.6375,-25.67,FAIL,2.75,LOSS,0.3886,-18.00,market-close
UNFILTERED,"GPT-5 announced in Q2 2024?",0.3460,0.3617,-4.34,FAIL,2.02,WIN,0.4152,20.00,target-hit
UNFILTERED,"GPT-5 announced in Q3 2024?",0.3830,0.3840,-0.27,FAIL,2.67,WIN,0.4596,20.00,market-close
UNFILTERED,"GPT-5 announced in Q3 2024?",0.6330,0.6454,-1.91,FAIL,2.58,LOSS,0.5191,-18.00,market-close
UNFILTERED,"GPT-5 announced in Q3 2024?",0.3779,0.4196,-9.96,FAIL,3.35,WIN,0.4534,20.00,target-hit
UNFILTERED,"GPT-5 announced in Q3 2024?",0.4263,0.4568,-6.68,FAIL,2.95,LOSS,0.3751,-12.00,stop-loss
UNFILTERED,"GPT-5 not announced in 2024?",0.3697,0.4376,-15.51,FAIL,1.69,LOSS,0.3254,-12.00,stop-loss
UNFILTERED,"GPT-5 not announced in 2024?",0.4177,0.4645,-10.08,FAIL,3.34,WIN,0.5013,20.00,target-hit
UNFILTERED,"GPT-5 not announced in 2024?",0.4486,0.5525,-18.81,FAIL,3.01,LOSS,0.3947,-12.00,stop-loss
UNFILTERED,"GPT-5 announced in Q4 2024?",0.3165,0.3546,-10.76,FAIL,1.54,LOSS,0.2785,-12.00,stop-loss
UNFILTERED,"GPT-5 announced in Q4 2024?",0.3312,0.4392,-24.59,FAIL,3.28,WIN,0.3974,20.00,target-hit
UNFILTERED,"GPT-5 announced in Q4 2024?",0.5090,0.5702,-10.73,FAIL,2.51,LOSS,0.4173,-18.00,market-close
UNFILTERED,"Will a Democrat win West Virginia Governor Election?",0.3928,0.4036,-2.68,FAIL,1.78,WIN,0.4714,20.00,market-close
UNFILTERED,"Will a candidate from another party win West Virginia Governor Election?",0.5580,0.5685,-1.86,FAIL,1.96,WIN,0.6696,20.00,target-hit
UNFILTERED,"Will a candidate from another party win West Virginia Governor Election?",0.2678,0.3677,-27.15,FAIL,1.24,LOSS,0.2357,-12.00,stop-loss
UNFILTERED,"Will a candidate from another party win West Virginia Governor Election?",0.3949,0.4916,-19.68,FAIL,3.06,WIN,0.4738,20.00,market-close
UNFILTERED,"Will a candidate from another party win West Virginia Governor Election?",0.4753,0.5782,-17.80,FAIL,2.57,LOSS,0.4182,-12.00,stop-loss
UNFILTERED,"Will a Republican win West Virginia Governor Election?",0.3815,0.4368,-12.67,FAIL,1.76,WIN,0.4578,20.00,market-close
UNFILTERED,"Will a Democrat win Washington Governor Election?",0.4369,0.4667,-6.40,FAIL,1.81,WIN,0.5242,20.00,market-close
UNFILTERED,"Will a Republican win Washington Governor Election?",0.3345,0.4978,-32.80,FAIL,2.01,WIN,0.4014,20.00,market-close
UNFILTERED,"Will a candidate from another party win Washington Governor Election?",0.2668,0.3791,-29.61,FAIL,1.39,LOSS,0.2348,-12.00,stop-loss
UNFILTERED,"Will a candidate from another party win Utah Governor Election?",0.4094,0.4723,-13.30,FAIL,1.83,WIN,0.4913,20.00,market-close
UNFILTERED,"Will a candidate from another party win Utah Governor Election?",0.4132,0.4415,-6.42,FAIL,1.68,WIN,0.4958,20.00,market-close
UNFILTERED,"Will a Democrat win Utah Governor Election?",0.4453,0.4884,-8.81,FAIL,1.84,WIN,0.5344,20.00,market-close
UNFILTERED,"Will a Democrat win Utah Governor Election?",0.3356,0.3518,-4.59,FAIL,1.92,WIN,0.4027,20.00,target-hit
UNFILTERED,"Will a Republican win North Dakota Governor Election?",0.3833,0.3964,-3.30,FAIL,1.70,WIN,0.4600,20.00,market-close
UNFILTERED,"Will a Democrat win Montana Governor Election?",0.4375,0.4788,-8.62,FAIL,2.17,WIN,0.5250,20.00,market-close
UNFILTERED,"Will a candidate from another party win Montana Governor Election?",0.4001,0.4178,-4.24,FAIL,1.82,WIN,0.4801,20.00,market-close
UNFILTERED,"Will a Republican win Montana Governor Election?",0.4442,0.4729,-6.06,FAIL,1.80,WIN,0.5331,20.00,market-close
UNFILTERED,"Will a Republican win Missouri Governor Election?",0.3881,0.4854,-20.05,FAIL,1.72,WIN,0.4657,20.00,market-close
UNFILTERED,"Will a Democrat win Missouri Governor Election?",0.3347,0.3883,-13.80,FAIL,1.63,WIN,0.4016,20.00,target-hit
UNFILTERED,"Will a candidate from another party win Missouri Governor Election?",0.4467,0.4768,-6.33,FAIL,1.73,WIN,0.5360,20.00,target-hit
UNFILTERED,"Will a candidate from another party win Indiana Governor Election?",0.5043,0.6074,-16.97,FAIL,2.61,LOSS,0.4136,-18.00,market-close
UNFILTERED,"Will a candidate from another party win Indiana Governor Election?",0.3817,0.4373,-12.71,FAIL,1.39,LOSS,0.3359,-12.00,stop-loss
UNFILTERED,"Will a candidate from another party win Indiana Governor Election?",0.3185,0.3720,-14.39,FAIL,3.19,WIN,0.3822,20.00,market-close
UNFILTERED,"Will a candidate from another party win Indiana Governor Election?",0.4752,0.5667,-16.15,FAIL,2.63,LOSS,0.3896,-18.00,market-close
UNFILTERED,"Will a Republican win Indiana Governor Election?",0.3552,0.4049,-12.27,FAIL,1.86,WIN,0.4263,20.00,market-close
UNFILTERED,"Will a Democrat win Indiana Governor Election?",0.3087,0.4303,-28.26,FAIL,1.80,WIN,0.3705,20.00,market-close
UNFILTERED,"Will a Republican win New Hampshire Governor Election?",0.3414,0.3974,-14.10,FAIL,1.85,WIN,0.4097,20.00,target-hit
UNFILTERED,"Will US gain between 200k and 275k jobs in March?",0.3530,0.3622,-2.55,FAIL,1.72,WIN,0.4236,20.00,target-hit
UNFILTERED,"Will US gain more than 275k jobs in March?",0.4180,0.4679,-10.66,FAIL,2.33,WIN,0.5016,20.00,market-close
UNFILTERED,"Will US gain more than 275k jobs in March?",0.3693,0.4856,-23.96,FAIL,1.71,WIN,0.4432,20.00,target-hit
UNFILTERED,"Will US gain less than 200k jobs in March?",0.3994,0.4471,-10.67,FAIL,2.06,WIN,0.4792,20.00,target-hit
UNFILTERED,"Will a Democrat win North Carolina Governor Election?",0.6044,0.6261,-3.47,FAIL,1.93,WIN,0.7253,20.00,market-close
UNFILTERED,"Will a Democrat win North Carolina Governor Election?",0.3108,0.3205,-3.02,FAIL,1.24,LOSS,0.2735,-12.00,stop-loss
UNFILTERED,"Will a Democrat win North Carolina Governor Election?",0.3489,0.5073,-31.24,FAIL,3.35,WIN,0.4186,20.00,market-close
UNFILTERED,"Will a Democrat win North Carolina Governor Election?",0.4971,0.5034,-1.25,FAIL,2.60,LOSS,0.4374,-12.00,stop-loss
UNFILTERED,"Will a Republican win North Carolina Governor Election?",0.5000,0.6452,-22.50,FAIL,2.68,LOSS,0.4400,-12.00,stop-loss
UNFILTERED,"Will a Republican win North Carolina Governor Election?",0.2867,0.3985,-28.05,FAIL,1.58,LOSS,0.2523,-12.00,stop-loss
UNFILTERED,"Will a Republican win North Carolina Governor Election?",0.3158,0.4482,-29.54,FAIL,3.46,WIN,0.3790,20.00,market-close
UNFILTERED,"Will a Republican win North Carolina Governor Election?",0.5148,0.5592,-7.93,FAIL,2.79,LOSS,0.4530,-12.00,stop-loss
UNFILTERED,"Will a candidate from another party win North Carolina Governor Election?",0.3123,0.4374,-28.61,FAIL,1.45,LOSS,0.2561,-18.00,market-close
UNFILTERED,"Will a candidate from another party win North Carolina Governor Election?",0.3743,0.3900,-4.03,FAIL,2.90,WIN,0.4492,20.00,target-hit
UNFILTERED,"Will a candidate from another party win North Carolina Governor Election?",0.5287,0.5554,-4.80,FAIL,2.73,LOSS,0.4653,-12.00,stop-loss
UNFILTERED,"Will Garvey win the California Senate Primary by more than 4% of the vote?",0.5388,0.5679,-5.11,FAIL,2.33,LOSS,0.4742,-12.00,stop-loss
UNFILTERED,"Will Garvey win the California Senate Primary by more than 4% of the vote?",0.4224,0.4860,-13.09,FAIL,3.08,WIN,0.5068,20.00,market-close
UNFILTERED,"Will Garvey win the California Senate Primary by more than 4% of the vote?",0.5010,0.5739,-12.70,FAIL,2.85,LOSS,0.4409,-12.00,stop-loss
UNFILTERED,"Will Garvey win the California Senate Primary by between 0-2% of the vote?",0.3893,0.4920,-20.88,FAIL,2.00,WIN,0.4671,20.00,market-close
UNFILTERED,"Will Schiff win the California Senate Primary?",0.4762,0.5935,-19.76,FAIL,2.40,LOSS,0.4191,-12.00,stop-loss
UNFILTERED,"Will Schiff win the California Senate Primary?",0.3815,0.5282,-27.77,FAIL,3.30,WIN,0.4578,20.00,market-close
UNFILTERED,"Will Garvey win the California Senate Primary by between 2-4% of the vote?",0.3597,0.4287,-16.10,FAIL,1.69,WIN,0.4316,20.00,market-close
UNFILTERED,"Will Trump win Alabama Republican Primary?",0.3827,0.4360,-12.23,FAIL,1.67,WIN,0.4592,20.00,target-hit
UNFILTERED,"Will Trump win Colorado Republican Primary?",0.5561,0.6321,-12.02,FAIL,2.49,LOSS,0.4894,-12.00,stop-loss
UNFILTERED,"Will Trump win Colorado Republican Primary?",0.3908,0.5000,-21.83,FAIL,3.23,WIN,0.4690,20.00,market-close
UNFILTERED,"Will Trump win Alaska Republican Primary?",0.5788,0.5998,-3.49,FAIL,2.48,LOSS,0.5094,-12.00,stop-loss
UNFILTERED,"Will Trump win Alaska Republican Primary?",0.4090,0.4091,-0.02,FAIL,3.11,WIN,0.4908,20.00,market-close
UNFILTERED,"Will Trump win Alaska Republican Primary?",0.4721,0.5306,-11.03,FAIL,3.19,LOSS,0.3871,-18.00,market-close
UNFILTERED,"Will Trump win Arkansas Republican Primary?",0.4067,0.4809,-15.42,FAIL,2.38,WIN,0.4881,20.00,market-close
UNFILTERED,"Will Trump win Arkansas Republican Primary?",0.3525,0.4615,-23.62,FAIL,1.98,WIN,0.4229,20.00,market-close
UNFILTERED,"Will Trump win California Republican Primary?",0.4691,0.6144,-23.64,FAIL,2.73,LOSS,0.4128,-12.00,stop-loss
UNFILTERED,"Will Trump win California Republican Primary?",0.5784,0.6022,-3.95,FAIL,1.62,WIN,0.6941,20.00,market-close
UNFILTERED,"Will Trump win California Republican Primary?",0.3849,0.4028,-4.44,FAIL,1.64,LOSS,0.3387,-12.00,stop-loss
UNFILTERED,"Will Trump win California Republican Primary?",0.4317,0.4947,-12.73,FAIL,3.08,WIN,0.5181,20.00,market-close
UNFILTERED,"Will Trump win California Republican Primary?",0.5087,0.5911,-13.94,FAIL,2.50,LOSS,0.4476,-12.00,stop-loss
UNFILTERED,"Will Trump win Massachusetts Republican Primary?",0.4305,0.4594,-6.29,FAIL,1.58,WIN,0.5166,20.00,target-hit
UNFILTERED,"Will Trump win Oklahoma Republican Primary?",0.5578,0.6471,-13.80,FAIL,2.25,LOSS,0.4909,-12.00,stop-loss
UNFILTERED,"Will Trump win Oklahoma Republican Primary?",0.3206,0.3505,-8.52,FAIL,1.69,LOSS,0.2629,-18.00,market-close
UNFILTERED,"Will Trump win Oklahoma Republican Primary?",0.3673,0.5004,-26.61,FAIL,3.09,WIN,0.4407,20.00,target-hit
UNFILTERED,"Will Trump win Oklahoma Republican Primary?",0.4132,0.4958,-16.66,FAIL,2.79,LOSS,0.3636,-12.00,stop-loss
UNFILTERED,"Will Trump win Vermont Republican Primary?",0.4311,0.4487,-3.91,FAIL,2.57,WIN,0.5174,20.00,target-hit
UNFILTERED,"Will Trump win Vermont Republican Primary?",0.6019,0.6383,-5.70,FAIL,2.30,LOSS,0.4935,-18.00,market-close
UNFILTERED,"Will Trump win Vermont Republican Primary?",0.3890,0.5007,-22.30,FAIL,3.41,WIN,0.4669,20.00,market-close
UNFILTERED,"Will Trump win Vermont Republican Primary?",0.4924,0.5829,-15.54,FAIL,3.10,LOSS,0.4037,-18.00,market-close
UNFILTERED,"Will Trump win Maine Republican Primary?",0.4451,0.4589,-2.99,FAIL,1.99,WIN,0.5342,20.00,market-close
UNFILTERED,"Will Trump win North Carolina Republican Primary?",0.3398,0.3833,-11.36,FAIL,2.06,WIN,0.4077,20.00,target-hit
UNFILTERED,"Will Trump win Texas Republican Primary?",0.3661,0.4055,-9.71,FAIL,1.22,LOSS,0.3222,-12.00,stop-loss
UNFILTERED,"Will Trump win Texas Republican Primary?",0.4475,0.4821,-7.17,FAIL,3.21,WIN,0.5370,20.00,target-hit
UNFILTERED,"Will Trump win Texas Republican Primary?",0.4881,0.5821,-16.14,FAIL,2.89,LOSS,0.4295,-12.00,stop-loss
UNFILTERED,"Will Trump win Virginia Republican Primary?",0.3440,0.4739,-27.42,FAIL,1.97,WIN,0.4128,20.00,market-close
UNFILTERED,"Will Trump win Minnesota Republican Primary?",0.4316,0.4795,-10.00,FAIL,1.82,WIN,0.5179,20.00,target-hit
UNFILTERED,"Will Trump win Minnesota Republican Primary?",0.3281,0.4795,-31.57,FAIL,1.77,WIN,0.3938,20.00,target-hit
UNFILTERED,"Will Trump win Utah Republican Primary?",0.3435,0.4891,-29.77,FAIL,1.88,WIN,0.4123,20.00,target-hit
UNFILTERED,"Will Biden say ""Trump"" during his State of the Union address?",0.4176,0.4546,-8.15,FAIL,1.87,WIN,0.5011,20.00,market-close
UNFILTERED,"Will Biden say ""folks"" four or more times during his State of the Union address?",0.4187,0.4480,-6.53,FAIL,2.35,WIN,0.5024,20.00,market-close
UNFILTERED,"Will Biden say ""folks"" four or more times during his State of the Union address?",0.3805,0.4065,-6.41,FAIL,1.57,WIN,0.4566,20.00,market-close
UNFILTERED,"Will Bernie Moreno win the Ohio Republican Senate Primary?",0.4567,0.4898,-6.77,FAIL,2.28,WIN,0.5480,20.00,market-close
UNFILTERED,"Will Bernie Moreno win the Ohio Republican Senate Primary?",0.3630,0.4253,-14.64,FAIL,1.91,WIN,0.4356,20.00,market-close
UNFILTERED,"Will Frank LaRose win the Ohio Republican Senate Primary?",0.3024,0.4508,-32.92,FAIL,1.83,WIN,0.3629,20.00,market-close
UNFILTERED,"Will another candidate win the Ohio Republican Senate Primary?",0.3487,0.3533,-1.30,FAIL,1.76,WIN,0.4185,20.00,market-close
UNFILTERED,"Will the PPP win the most seats in the South Korean election?",0.4445,0.4658,-4.57,FAIL,1.52,WIN,0.5334,20.00,target-hit
UNFILTERED,"Will Steve Garvey get first place in the California Senate Primary?",0.3143,0.5047,-37.72,FAIL,3.56,WIN,0.3772,20.00,market-close
UNFILTERED,"Will Steve Garvey get first place in the California Senate Primary?",0.4029,0.4771,-15.56,FAIL,2.73,LOSS,0.3545,-12.00,stop-loss
UNFILTERED,"Will Adam Schiff get first place in the California Senate Primary?",0.3668,0.4314,-14.97,FAIL,3.11,WIN,0.4401,20.00,target-hit
UNFILTERED,"Will Adam Schiff get first place in the California Senate Primary?",0.5991,0.6324,-5.26,FAIL,2.24,LOSS,0.5272,-12.00,stop-loss
UNFILTERED,"Will Adam Schiff get first place in the California Senate Primary?",0.3942,0.4208,-6.32,FAIL,1.46,LOSS,0.3469,-12.00,stop-loss
UNFILTERED,"Will Adam Schiff get first place in the California Senate Primary?",0.3404,0.5358,-36.48,FAIL,3.21,WIN,0.4084,20.00,market-close
UNFILTERED,"Will Adam Schiff get first place in the California Senate Primary?",0.4289,0.6322,-32.15,FAIL,3.19,LOSS,0.3775,-12.00,stop-loss
UNFILTERED,"Will Katie Porter get first place in the California Senate Primary?",0.3850,0.4075,-5.53,FAIL,1.56,WIN,0.4620,20.00,market-close
UNFILTERED,"Will another candidate get first place in the California Senate Primary?",0.4364,0.4519,-3.44,FAIL,2.09,WIN,0.5237,20.00,market-close
UNFILTERED,"Will another candidate get first place in the California Senate Primary?",0.3713,0.3925,-5.40,FAIL,1.72,WIN,0.4456,20.00,market-close
UNFILTERED,"Will Colin Allred win the Texas Democratic Senate Primary?",0.3626,0.4030,-10.02,FAIL,1.72,WIN,0.4351,20.00,target-hit
UNFILTERED,"Will a candidate from another party win Wyoming Presidential Election?",0.3982,0.4237,-6.02,FAIL,3.47,WIN,0.4779,20.00,target-hit
UNFILTERED,"Will a candidate from another party win Wyoming Presidential Election?",0.5568,0.5850,-4.82,FAIL,1.98,WIN,0.6682,20.00,target-hit
UNFILTERED,"Will a candidate from another party win Wyoming Presidential Election?",0.5209,0.6321,-17.60,FAIL,2.66,LOSS,0.4271,-18.00,market-close
UNFILTERED,"Will a Democrat win Wyoming Presidential Election?",0.5459,0.5827,-6.32,FAIL,2.05,LOSS,0.4476,-18.00,market-close
UNFILTERED,"Will a Democrat win Wyoming Presidential Election?",0.4164,0.5486,-24.09,FAIL,3.10,LOSS,0.3415,-18.00,market-close
UNFILTERED,"Will a Republican win Wyoming Presidential Election?",0.5684,0.6085,-6.59,FAIL,2.44,LOSS,0.5002,-12.00,stop-loss
UNFILTERED,"Will a Republican win Wyoming Presidential Election?",0.2795,0.3621,-22.81,FAIL,1.66,LOSS,0.2292,-18.00,market-close
UNFILTERED,"Will a Republican win Wyoming Presidential Election?",0.4003,0.4812,-16.81,FAIL,3.37,WIN,0.4803,20.00,market-close
UNFILTERED,"Will a candidate from another party win Wisconsin Presidential Election?",0.2722,0.3886,-29.96,FAIL,1.49,LOSS,0.2395,-12.00,stop-loss
UNFILTERED,"Will a Democrat win Wisconsin Presidential Election?",0.4093,0.4319,-5.23,FAIL,2.89,WIN,0.4912,20.00,market-close
UNFILTERED,"Will a Democrat win Wisconsin Presidential Election?",0.4508,0.5358,-15.87,FAIL,2.32,LOSS,0.3967,-12.00,stop-loss
UNFILTERED,"Will a Democrat win Wisconsin Presidential Election?",0.3018,0.3678,-17.96,FAIL,1.56,LOSS,0.2656,-12.00,stop-loss
UNFILTERED,"Will a Democrat win Wisconsin Presidential Election?",0.3910,0.4500,-13.12,FAIL,3.07,WIN,0.4691,20.00,market-close
UNFILTERED,"Will a Democrat win Wisconsin Presidential Election?",0.4795,0.5650,-15.14,FAIL,3.19,LOSS,0.4219,-12.00,stop-loss
UNFILTERED,"Will a Republican win Wisconsin Presidential Election?",0.4008,0.4244,-5.54,FAIL,2.90,WIN,0.4810,20.00,target-hit
UNFILTERED,"Will a Republican win Wisconsin Presidential Election?",0.2961,0.3401,-12.91,FAIL,1.27,LOSS,0.2606,-12.00,stop-loss
UNFILTERED,"Will a Republican win Wisconsin Presidential Election?",0.3085,0.5414,-43.01,FAIL,3.20,WIN,0.3702,20.00,market-close
UNFILTERED,"Will a candidate from another party win West Virginia Presidential Election?",0.5785,0.6198,-6.67,FAIL,2.75,LOSS,0.5091,-12.00,stop-loss
UNFILTERED,"Will a candidate from another party win West Virginia Presidential Election?",0.5644,0.6007,-6.04,FAIL,1.79,WIN,0.6772,20.00,market-close
UNFILTERED,"Will a candidate from another party win West Virginia Presidential Election?",0.2910,0.3597,-19.10,FAIL,1.32,LOSS,0.2561,-12.00,stop-loss
UNFILTERED,"Will a candidate from another party win West Virginia Presidential Election?",0.3307,0.4075,-18.84,FAIL,3.37,WIN,0.3968,20.00,market-close
UNFILTERED,"Will a candidate from another party win West Virginia Presidential Election?",0.4096,0.4689,-12.64,FAIL,3.12,LOSS,0.3359,-18.00,market-close
UNFILTERED,"Will a Democrat win West Virginia Presidential Election?",0.3892,0.4715,-17.45,FAIL,2.07,WIN,0.4671,20.00,target-hit
UNFILTERED,"Will a Republican win West Virginia Presidential Election?",0.5049,0.5858,-13.81,FAIL,2.57,LOSS,0.4140,-18.00,market-close
UNFILTERED,"Will a Republican win West Virginia Presidential Election?",0.2755,0.4254,-35.22,FAIL,1.21,LOSS,0.2425,-12.00,stop-loss
UNFILTERED,"Will a Republican win West Virginia Presidential Election?",0.3910,0.5370,-27.19,FAIL,3.14,WIN,0.4692,20.00,market-close
UNFILTERED,"Will a Democrat win Washington Presidential Election?",0.4884,0.6489,-24.73,FAIL,2.07,LOSS,0.4298,-12.00,stop-loss
UNFILTERED,"Will a Democrat win Washington Presidential Election?",0.5529,0.5902,-6.33,FAIL,1.68,WIN,0.6635,20.00,market-close
UNFILTERED,"Will a Democrat win Washington Presidential Election?",0.3376,0.3950,-14.51,FAIL,1.58,LOSS,0.2971,-12.00,stop-loss
UNFILTERED,"Will a Democrat win Washington Presidential Election?",0.3421,0.4445,-23.03,FAIL,3.41,WIN,0.4105,20.00,market-close
UNFILTERED,"Will a Democrat win Washington Presidential Election?",0.5177,0.5850,-11.51,FAIL,2.83,LOSS,0.4245,-18.00,market-close
UNFILTERED,"Will a candidate from another party win Washington Presidential Election?",0.4928,0.5669,-13.07,FAIL,2.65,LOSS,0.4337,-12.00,stop-loss
UNFILTERED,"Will a candidate from another party win Washington Presidential Election?",0.5634,0.5700,-1.15,FAIL,1.63,WIN,0.6761,20.00,market-close
UNFILTERED,"Will a candidate from another party win Washington Presidential Election?",0.3915,0.4064,-3.66,FAIL,1.53,LOSS,0.3445,-12.00,stop-loss
UNFILTERED,"Will a candidate from another party win Washington Presidential Election?",0.3568,0.5357,-33.41,FAIL,3.29,WIN,0.4281,20.00,target-hit
UNFILTERED,"Will a candidate from another party win Washington Presidential Election?",0.4242,0.5537,-23.39,FAIL,2.83,LOSS,0.3733,-12.00,stop-loss
UNFILTERED,"Will a Republican win Washington Presidential Election?",0.4889,0.6398,-23.59,FAIL,2.01,LOSS,0.4302,-12.00,stop-loss
UNFILTERED,"Will a Republican win Washington Presidential Election?",0.3181,0.3200,-0.60,FAIL,1.23,LOSS,0.2800,-12.00,stop-loss
UNFILTERED,"Will a Republican win Washington Presidential Election?",0.3379,0.4737,-28.67,FAIL,3.27,WIN,0.4055,20.00,market-close
UNFILTERED,"Will a Republican win Washington Presidential Election?",0.5395,0.5844,-7.68,FAIL,2.66,LOSS,0.4748,-12.00,stop-loss
UNFILTERED,"Will a Democrat win Virginia Presidential Election?",0.3631,0.4201,-13.57,FAIL,1.41,LOSS,0.3195,-12.00,stop-loss
UNFILTERED,"Will a Democrat win Virginia Presidential Election?",0.4119,0.4978,-17.27,FAIL,2.91,WIN,0.4942,20.00,market-close
UNFILTERED,"Will a Republican win Virginia Presidential Election?",0.2519,0.3424,-26.45,FAIL,1.42,LOSS,0.2216,-12.00,stop-loss
UNFILTERED,"Will a Republican win Virginia Presidential Election?",0.4279,0.5169,-17.22,FAIL,3.15,WIN,0.5134,20.00,market-close
UNFILTERED,"Will a Republican win Virginia Presidential Election?",0.5255,0.5544,-5.21,FAIL,3.14,LOSS,0.4309,-18.00,market-close
UNFILTERED,"Will a candidate from another party win Virginia Presidential Election?",0.4891,0.5009,-2.35,FAIL,2.05,LOSS,0.4010,-18.00,market-close
UNFILTERED,"Will a candidate from another party win Virginia Presidential Election?",0.5700,0.6028,-5.44,FAIL,1.94,WIN,0.6840,20.00,market-close
UNFILTERED,"Will a candidate from another party win Virginia Presidential Election?",0.3556,0.4001,-11.12,FAIL,1.50,LOSS,0.3129,-12.00,stop-loss
UNFILTERED,"Will a candidate from another party win Virginia Presidential Election?",0.3299,0.4887,-32.49,FAIL,3.25,WIN,0.3959,20.00,market-close
UNFILTERED,"Will a candidate from another party win Virginia Presidential Election?",0.4884,0.5466,-10.64,FAIL,2.93,LOSS,0.4298,-12.00,stop-loss
UNFILTERED,"Will Trump win the Missouri Caucus by between 50-60% of the vote?",0.4165,0.4190,-0.60,FAIL,1.71,WIN,0.4998,20.00,market-close
UNFILTERED,"Will a Democrat win Vermont Presidential Election?",0.4580,0.5947,-22.98,FAIL,2.14,LOSS,0.4030,-12.00,stop-loss
UNFILTERED,"Will a Democrat win Vermont Presidential Election?",0.4060,0.5244,-22.57,FAIL,3.26,WIN,0.4872,20.00,market-close
UNFILTERED,"Will a Republican win Vermont Presidential Election?",0.3774,0.3915,-3.61,FAIL,1.69,LOSS,0.3095,-18.00,market-close
UNFILTERED,"Will a candidate from another party win Vermont Presidential Election?",0.5345,0.5671,-5.76,FAIL,2.13,LOSS,0.4383,-18.00,market-close
UNFILTERED,"Will a candidate from another party win Vermont Presidential Election?",0.2779,0.3708,-25.05,FAIL,1.50,LOSS,0.2279,-18.00,market-close
UNFILTERED,"Will a candidate from another party win Vermont Presidential Election?",0.3330,0.4691,-29.02,FAIL,3.37,WIN,0.3996,20.00,market-close
UNFILTERED,"Will a candidate from another party win Vermont Presidential Election?",0.4210,0.5702,-26.17,FAIL,3.14,LOSS,0.3452,-18.00,market-close
TREND FILTER,"Will a Democrat win Michigan US Senate Election?",0.5353,0.3804,40.72,PASS,2.99,WIN,0.6423,20.00,target-hit
TREND FILTER,"Will a Democrat win Michigan US Senate Election?",0.6223,0.5829,6.75,PASS,1.66,WIN,0.7468,20.00,market-close
TREND FILTER,"Will a Republican win Michigan US Senate Election?",0.4044,0.4018,0.64,PASS,2.53,WIN,0.4853,20.00,market-close
TREND FILTER,"Will a Republican win Michigan US Senate Election?",0.6408,0.5339,20.02,PASS,1.70,WIN,0.7690,20.00,target-hit
TREND FILTER,"Will a candidate from another party win US Michigan Senate Election?",0.5563,0.5034,10.50,PASS,2.22,LOSS,0.4895,-12.00,stop-loss
TREND FILTER,"Will a candidate from another party win US Michigan Senate Election?",0.6831,0.5865,16.47,PASS,1.53,WIN,0.8197,20.00,market-close
TREND FILTER,"Will a candidate from another party win US Michigan Senate Election?",0.3973,0.3882,2.35,PASS,1.63,LOSS,0.3258,-18.00,market-close
TREND FILTER,"Will Arizona be Trump's worst state on March 19?",0.5550,0.4168,33.15,PASS,2.22,WIN,0.6660,20.00,market-close
TREND FILTER,"Will Florida be Trump's worst state on March 19?",0.4771,0.3594,32.77,PASS,2.05,WIN,0.5725,20.00,target-hit
TREND FILTER,"Will Kansas be Trump's worst state on March 19?",0.5789,0.4297,34.72,PASS,1.99,WIN,0.6946,20.00,target-hit
TREND FILTER,"Will Ohio be Trump's worst state on March 19?",0.5639,0.3777,49.30,PASS,2.41,WIN,0.6767,20.00,target-hit
TREND FILTER,"Will Ohio be Trump's worst state on March 19?",0.4051,0.3957,2.37,PASS,1.81,WIN,0.4861,20.00,market-close
TREND FILTER,"Will Arizona be Trump's best state on March 19?",0.4351,0.4227,2.95,PASS,2.17,WIN,0.5222,20.00,target-hit
TREND FILTER,"Will Arizona be Trump's best state on March 19?",0.4480,0.4159,7.72,PASS,2.04,WIN,0.5376,20.00,target-hit
TREND FILTER,"Will Ohio be Trump's best state on March 19?",0.5333,0.4831,10.40,PASS,2.33,WIN,0.6400,20.00,market-close
TREND FILTER,"Senegal Presidential Election: Amadou Ba wins?",0.5782,0.4220,37.00,PASS,1.95,WIN,0.6938,20.00,target-hit
TREND FILTER,"Senegal Presidential Election: Bassirou Diomaye Faye wins?",0.4280,0.3906,9.57,PASS,2.25,WIN,0.5136,20.00,market-close
TREND FILTER,"Senegal Presidential Election: Bassirou Diomaye Faye wins?",0.4347,0.3858,12.66,PASS,1.57,WIN,0.5216,20.00,market-close
TREND FILTER,"Will the Atlanta Falcons sign Kirk Cousins? ",0.5431,0.4199,29.32,PASS,2.18,WIN,0.6517,20.00,market-close
TREND FILTER,"Will Mike Tyson win his boxing match against Jake Paul?",0.4751,0.4010,18.47,PASS,3.00,WIN,0.5701,20.00,market-close
TREND FILTER,"Will Mike Tyson win his boxing match against Jake Paul?",0.7307,0.6469,12.95,PASS,1.86,WIN,0.8768,20.00,target-hit
TREND FILTER,"Will Jake Paul vs. Mike Tyson have no official winner?",0.5403,0.3487,54.93,PASS,3.40,WIN,0.6484,20.00,market-close
TREND FILTER,"Will Jake Paul vs. Mike Tyson have no official winner?",0.6393,0.6269,1.97,PASS,1.73,WIN,0.7671,20.00,market-close
TREND FILTER,"Will Jake Paul vs. Mike Tyson have no official winner?",0.3352,0.3286,1.99,PASS,1.34,LOSS,0.2949,-12.00,stop-loss
TREND FILTER,"Will Jake Paul vs. Mike Tyson have no official winner?",0.4409,0.3637,21.22,PASS,3.16,WIN,0.5291,20.00,target-hit
TREND FILTER,"Will Jake Paul win his boxing match against Mike Tyson?",0.7432,0.5972,24.43,PASS,1.78,WIN,0.8918,20.00,market-close
TREND FILTER,"GPT-5 announced in Q2 2024?",0.5108,0.4376,16.73,PASS,1.92,WIN,0.6130,20.00,target-hit
TREND FILTER,"GPT-5 announced in Q3 2024?",0.6262,0.5908,6.00,PASS,1.85,WIN,0.7515,20.00,market-close
TREND FILTER,"GPT-5 announced in Q3 2024?",0.3689,0.3332,10.71,PASS,1.30,LOSS,0.3246,-12.00,stop-loss
TREND FILTER,"GPT-5 not announced in 2024?",0.3663,0.3414,7.29,PASS,2.58,WIN,0.4395,20.00,market-close
TREND FILTER,"GPT-5 not announced in 2024?",0.5898,0.5703,3.42,PASS,2.41,LOSS,0.5190,-12.00,stop-loss
TREND FILTER,"GPT-5 not announced in 2024?",0.6755,0.5614,20.31,PASS,1.96,WIN,0.8106,20.00,target-hit
TREND FILTER,"GPT-5 announced in Q4 2024?",0.5085,0.3830,32.77,PASS,3.09,WIN,0.6102,20.00,target-hit
TREND FILTER,"GPT-5 announced in Q4 2024?",0.5974,0.5083,17.54,PASS,2.15,LOSS,0.4899,-18.00,market-close
TREND FILTER,"GPT-5 announced in Q4 2024?",0.7329,0.5858,25.11,PASS,1.87,WIN,0.8795,20.00,market-close
TREND FILTER,"Will a Democrat win West Virginia Governor Election?",0.5374,0.4661,15.28,PASS,2.14,WIN,0.6448,20.00,target-hit
TREND FILTER,"Will a candidate from another party win West Virginia Governor Election?",0.4453,0.4103,8.52,PASS,2.63,WIN,0.5343,20.00,market-close
TREND FILTER,"Will a candidate from another party win West Virginia Governor Election?",0.5810,0.5514,5.38,PASS,2.75,LOSS,0.5113,-12.00,stop-loss
TREND FILTER,"Will a Republican win West Virginia Governor Election?",0.5048,0.4984,1.28,PASS,1.93,WIN,0.6057,20.00,target-hit
TREND FILTER,"Will a Democrat win Washington Governor Election?",0.4000,0.3994,0.15,PASS,1.68,WIN,0.4800,20.00,market-close
TREND FILTER,"Will a Republican win Washington Governor Election?",0.5360,0.3872,38.45,PASS,1.80,WIN,0.6432,20.00,market-close
TREND FILTER,"Will a candidate from another party win Washington Governor Election?",0.4082,0.3082,32.42,PASS,3.25,WIN,0.4898,20.00,market-close
TREND FILTER,"Will a candidate from another party win Washington Governor Election?",0.6241,0.5836,6.94,PASS,2.45,LOSS,0.5492,-12.00,stop-loss
TREND FILTER,"Will a candidate from another party win Washington Governor Election?",0.7271,0.5217,39.36,PASS,1.86,WIN,0.8725,20.00,target-hit
TREND FILTER,"Will a candidate from another party win Washington Governor Election?",0.4340,0.4041,7.40,PASS,3.14,WIN,0.5208,20.00,market-close
TREND FILTER,"Will a candidate from another party win Washington Governor Election?",0.5245,0.5225,0.39,PASS,2.75,LOSS,0.4616,-12.00,stop-loss
TREND FILTER,"Will a Republican win Utah Governor Election?",0.4986,0.3749,32.99,PASS,2.25,WIN,0.5983,20.00,target-hit
TREND FILTER,"Will a Republican win Utah Governor Election?",0.4059,0.3713,9.32,PASS,2.02,WIN,0.4870,20.00,target-hit
TREND FILTER,"Will a Republican win North Dakota Governor Election?",0.5150,0.3876,32.86,PASS,2.38,WIN,0.6180,20.00,market-close
TREND FILTER,"Will a candidate from another party win North Dakota Governor Election?",0.5132,0.4717,8.78,PASS,2.33,WIN,0.6158,20.00,market-close
TREND FILTER,"Will a candidate from another party win North Dakota Governor Election?",0.4074,0.3684,10.58,PASS,2.02,WIN,0.4888,20.00,market-close
TREND FILTER,"Will a Democrat win North Dakota Governor Election?",0.4929,0.3716,32.65,PASS,2.32,WIN,0.5915,20.00,target-hit
TREND FILTER,"Will a Democrat win North Dakota Governor Election?",0.3918,0.3743,4.66,PASS,1.90,WIN,0.4702,20.00,market-close
TREND FILTER,"Will a Democrat win Montana Governor Election?",0.4484,0.4105,9.25,PASS,2.05,WIN,0.5381,20.00,market-close
TREND FILTER,"Will a candidate from another party win Montana Governor Election?",0.4483,0.4087,9.69,PASS,1.98,WIN,0.5380,20.00,target-hit
TREND FILTER,"Will a Republican win Montana Governor Election?",0.5335,0.4054,31.60,PASS,1.86,WIN,0.6402,20.00,target-hit
TREND FILTER,"Will a Republican win Missouri Governor Election?",0.5990,0.4961,20.75,PASS,1.81,WIN,0.7188,20.00,market-close
TREND FILTER,"Will a Democrat win Missouri Governor Election?",0.4477,0.3593,24.62,PASS,1.99,WIN,0.5373,20.00,market-close
TREND FILTER,"Will a candidate from another party win Missouri Governor Election?",0.4512,0.4166,8.29,PASS,1.96,WIN,0.5414,20.00,market-close
TREND FILTER,"Will a candidate from another party win Indiana Governor Election?",0.3802,0.3305,15.05,PASS,3.38,WIN,0.4563,20.00,market-close
TREND FILTER,"Will a candidate from another party win Indiana Governor Election?",0.6865,0.5171,32.75,PASS,1.93,WIN,0.8238,20.00,target-hit
TREND FILTER,"Will a Republican win Indiana Governor Election?",0.4666,0.3630,28.55,PASS,2.09,WIN,0.5599,20.00,target-hit
TREND FILTER,"Will a Democrat win Indiana Governor Election?",0.5469,0.4865,12.40,PASS,1.84,WIN,0.6562,20.00,market-close
TREND FILTER,"Will a Republican win New Hampshire Governor Election?",0.4579,0.3824,19.75,PASS,1.98,WIN,0.5495,20.00,target-hit
TREND FILTER,"Will a Democrat win New Hampshire Governor Election?",0.5556,0.4042,37.45,PASS,2.24,WIN,0.6667,20.00,market-close
TREND FILTER,"Will a Democrat win New Hampshire Governor Election?",0.4448,0.3584,24.13,PASS,1.63,WIN,0.5338,20.00,target-hit
TREND FILTER,"Will a candidate from another party win New Hampshire Governor Election?",0.5636,0.4637,21.54,PASS,1.98,WIN,0.6763,20.00,market-close
TREND FILTER,"Will a candidate from another party win New Hampshire Governor Election?",0.4144,0.3917,5.80,PASS,1.73,WIN,0.4973,20.00,target-hit
TREND FILTER,"Will US gain between 200k and 275k jobs in March?",0.5931,0.4366,35.83,PASS,2.09,WIN,0.7117,20.00,target-hit
TREND FILTER,"Will US gain less than 200k jobs in March?",0.5872,0.4154,41.38,PASS,1.99,WIN,0.7047,20.00,market-close
TREND FILTER,"Will a Democrat win North Carolina Governor Election?",0.4118,0.3500,17.66,PASS,3.20,WIN,0.4942,20.00,market-close
TREND FILTER,"Will a Democrat win North Carolina Governor Election?",0.5777,0.5270,9.62,PASS,2.51,LOSS,0.5084,-12.00,stop-loss
TREND FILTER,"Will a Republican win North Carolina Governor Election?",0.4908,0.3541,38.60,PASS,3.04,WIN,0.5890,20.00,market-close
TREND FILTER,"Will a Republican win North Carolina Governor Election?",0.7155,0.5629,27.09,PASS,1.91,WIN,0.8586,20.00,market-close
TREND FILTER,"Will a candidate from another party win North Carolina Governor Election?",0.4744,0.3508,35.23,PASS,3.09,WIN,0.5693,20.00,target-hit
TREND FILTER,"Will a candidate from another party win North Carolina Governor Election?",0.6136,0.5628,9.03,PASS,2.36,LOSS,0.5031,-18.00,market-close
TREND FILTER,"Will a candidate from another party win North Carolina Governor Election?",0.5896,0.5046,16.84,PASS,1.97,WIN,0.7075,20.00,target-hit
TREND FILTER,"Will Garvey win the California Senate Primary by more than 4% of the vote?",0.4400,0.4033,9.08,PASS,3.21,WIN,0.5280,20.00,target-hit
TREND FILTER,"Will Garvey win the California Senate Primary by more than 4% of the vote?",0.6860,0.5289,29.70,PASS,1.52,WIN,0.8232,20.00,market-close
TREND FILTER,"Will Garvey win the California Senate Primary by more than 4% of the vote?",0.3643,0.3260,11.77,PASS,1.34,LOSS,0.3206,-12.00,stop-loss
TREND FILTER,"Will Garvey win the California Senate Primary by between 0-2% of the vote?",0.5499,0.4973,10.59,PASS,1.95,WIN,0.6599,20.00,target-hit
TREND FILTER,"Will Schiff win the California Senate Primary?",0.5160,0.4027,28.13,PASS,2.71,WIN,0.6192,20.00,market-close
TREND FILTER,"Will Schiff win the California Senate Primary?",0.5962,0.5163,15.47,PASS,1.96,WIN,0.7155,20.00,market-close
TREND FILTER,"Will Schiff win the California Senate Primary?",0.3625,0.3301,9.83,PASS,1.27,LOSS,0.2973,-18.00,market-close
TREND FILTER,"Will Schiff win the California Senate Primary?",0.4659,0.4512,3.27,PASS,3.11,LOSS,0.4100,-12.00,stop-loss
TREND FILTER,"Will Garvey win the California Senate Primary by between 2-4% of the vote?",0.5023,0.4291,17.06,PASS,2.11,WIN,0.6027,20.00,target-hit
TREND FILTER,"Will Trump win Alabama Republican Primary?",0.5150,0.4122,24.93,PASS,2.21,WIN,0.6179,20.00,target-hit
TREND FILTER,"Will Trump win Colorado Republican Primary?",0.4637,0.3243,42.99,PASS,2.58,WIN,0.5564,20.00,market-close
TREND FILTER,"Will Trump win Colorado Republican Primary?",0.5546,0.5489,1.04,PASS,1.99,WIN,0.6655,20.00,market-close
TREND FILTER,"Will Trump win Colorado Republican Primary?",0.3968,0.3321,19.49,PASS,1.50,LOSS,0.3254,-18.00,market-close
TREND FILTER,"Will Trump win Colorado Republican Primary?",0.5050,0.4917,2.70,PASS,2.98,LOSS,0.4444,-12.00,stop-loss
TREND FILTER,"Will Trump win Alaska Republican Primary?",0.3673,0.3460,6.14,PASS,3.29,WIN,0.4407,20.00,market-close
TREND FILTER,"Will Trump win Alaska Republican Primary?",0.6110,0.5364,13.91,PASS,1.95,WIN,0.7332,20.00,market-close
TREND FILTER,"Will Trump win Alaska Republican Primary?",0.3997,0.3332,19.96,PASS,1.47,LOSS,0.3517,-12.00,stop-loss
TREND FILTER,"Will Trump win California Republican Primary?",0.4401,0.4343,1.34,PASS,2.67,WIN,0.5282,20.00,market-close
TREND FILTER,"Will Trump win Massachusetts Republican Primary?",0.5982,0.4369,36.94,PASS,2.16,WIN,0.7179,20.00,market-close
TREND FILTER,"Will Trump win Oklahoma Republican Primary?",0.4619,0.3603,28.20,PASS,3.28,WIN,0.5543,20.00,market-close
TREND FILTER,"Will Trump win Oklahoma Republican Primary?",0.5847,0.5521,5.89,PASS,1.88,WIN,0.7016,20.00,market-close
TREND FILTER,"Will Trump win Vermont Republican Primary?",0.6000,0.5017,19.61,PASS,1.72,WIN,0.7200,20.00,market-close
TREND FILTER,"Will Trump win Vermont Republican Primary?",0.3907,0.3479,12.31,PASS,1.35,LOSS,0.3438,-12.00,stop-loss
TREND FILTER,"Will Trump win Maine Republican Primary?",0.4414,0.4298,2.70,PASS,2.24,WIN,0.5297,20.00,target-hit
TREND FILTER,"Will Trump win Tennessee Republican Primary?",0.4957,0.3679,34.72,PASS,2.42,WIN,0.5948,20.00,target-hit
TREND FILTER,"Will Trump win Tennessee Republican Primary?",0.4182,0.3602,16.09,PASS,1.62,WIN,0.5018,20.00,market-close
TREND FILTER,"Will Trump win North Carolina Republican Primary?",0.5447,0.4768,14.24,PASS,2.40,WIN,0.6536,20.00,market-close
TREND FILTER,"Will Trump win Texas Republican Primary?",0.4217,0.3623,16.40,PASS,2.92,WIN,0.5060,20.00,target-hit
TREND FILTER,"Will Trump win Texas Republican Primary?",0.5293,0.5046,4.89,PASS,2.05,LOSS,0.4658,-12.00,stop-loss
TREND FILTER,"Will Trump win Texas Republican Primary?",0.6570,0.6370,3.14,PASS,1.92,WIN,0.7884,20.00,target-hit
TREND FILTER,"Will Trump win Virginia Republican Primary?",0.5303,0.4171,27.13,PASS,2.13,WIN,0.6364,20.00,target-hit
TREND FILTER,"Will Trump win Utah Republican Primary?",0.5793,0.4393,31.87,PASS,2.31,WIN,0.6952,20.00,market-close
TREND FILTER,"Will Biden say ""Trump"" during his State of the Union address?",0.4213,0.4132,1.97,PASS,1.70,WIN,0.5056,20.00,target-hit
TREND FILTER,"Will Matt Dolan win the Ohio Republican Senate Primary?",0.5400,0.4756,13.53,PASS,2.37,WIN,0.6480,20.00,market-close
TREND FILTER,"Will Matt Dolan win the Ohio Republican Senate Primary?",0.4408,0.3883,13.53,PASS,1.97,WIN,0.5290,20.00,target-hit
TREND FILTER,"Will Frank LaRose win the Ohio Republican Senate Primary?",0.5625,0.3905,44.04,PASS,2.06,WIN,0.6750,20.00,target-hit
TREND FILTER,"Will another candidate win the Ohio Republican Senate Primary?",0.4450,0.3571,24.61,PASS,2.11,WIN,0.5340,20.00,market-close
TREND FILTER,"Will the DPK win the most seats in the South Korean election?",0.4907,0.3802,29.08,PASS,2.31,WIN,0.5888,20.00,target-hit
TREND FILTER,"Will the DPK win the most seats in the South Korean election?",0.3850,0.3591,7.22,PASS,1.73,WIN,0.4620,20.00,target-hit
TREND FILTER,"Will the PPP win the most seats in the South Korean election?",0.4434,0.4270,3.84,PASS,2.00,WIN,0.5321,20.00,market-close
TREND FILTER,"Will Steve Garvey get first place in the California Senate Primary?",0.4497,0.3404,32.11,PASS,2.67,WIN,0.5397,20.00,market-close
TREND FILTER,"Will Steve Garvey get first place in the California Senate Primary?",0.5591,0.5358,4.34,PASS,2.66,LOSS,0.4920,-12.00,stop-loss
TREND FILTER,"Will Steve Garvey get first place in the California Senate Primary?",0.6378,0.5320,19.88,PASS,1.52,WIN,0.7654,20.00,target-hit
TREND FILTER,"Will Steve Garvey get first place in the California Senate Primary?",0.3931,0.3129,25.60,PASS,1.36,LOSS,0.3459,-12.00,stop-loss
TREND FILTER,"Will Adam Schiff get first place in the California Senate Primary?",0.6424,0.5015,28.10,PASS,1.58,WIN,0.7709,20.00,market-close
TREND FILTER,"Will Katie Porter get first place in the California Senate Primary?",0.4939,0.4303,14.79,PASS,1.80,WIN,0.5927,20.00,target-hit
TREND FILTER,"Will Colin Allred win the Texas Democratic Senate Primary?",0.5369,0.4985,7.71,PASS,2.03,WIN,0.6442,20.00,market-close
TREND FILTER,"Will a candidate from another party win Wyoming Presidential Election?",0.5397,0.5102,5.77,PASS,2.59,LOSS,0.4749,-12.00,stop-loss
TREND FILTER,"Will a candidate from another party win Wyoming Presidential Election?",0.3493,0.3241,7.77,PASS,1.24,LOSS,0.3074,-12.00,stop-loss
TREND FILTER,"Will a candidate from another party win Wyoming Presidential Election?",0.4073,0.4013,1.49,PASS,3.55,WIN,0.4887,20.00,market-close
TREND FILTER,"Will a Democrat win Wyoming Presidential Election?",0.4153,0.4026,3.17,PASS,2.85,WIN,0.4984,20.00,market-close
TREND FILTER,"Will a Democrat win Wyoming Presidential Election?",0.6954,0.5656,22.95,PASS,1.81,WIN,0.8345,20.00,market-close
TREND FILTER,"Will a Democrat win Wyoming Presidential Election?",0.3899,0.3709,5.12,PASS,1.56,LOSS,0.3431,-12.00,stop-loss
TREND FILTER,"Will a Democrat win Wyoming Presidential Election?",0.4393,0.3595,22.18,PASS,3.21,WIN,0.5271,20.00,market-close
TREND FILTER,"Will a Republican win Wyoming Presidential Election?",0.4491,0.3127,43.63,PASS,2.65,WIN,0.5389,20.00,market-close
TREND FILTER,"Will a Republican win Wyoming Presidential Election?",0.6327,0.5645,12.08,PASS,1.62,WIN,0.7593,20.00,target-hit
TREND FILTER,"Will a Republican win Wyoming Presidential Election?",0.4940,0.4791,3.10,PASS,2.83,LOSS,0.4347,-12.00,stop-loss
TREND FILTER,"Will a candidate from another party win Wisconsin Presidential Election?",0.4407,0.3480,26.64,PASS,2.92,WIN,0.5289,20.00,target-hit
TREND FILTER,"Will a candidate from another party win Wisconsin Presidential Election?",0.5660,0.5402,4.79,PASS,2.17,LOSS,0.4981,-12.00,stop-loss
TREND FILTER,"Will a candidate from another party win Wisconsin Presidential Election?",0.6872,0.6380,7.71,PASS,1.71,WIN,0.8246,20.00,market-close
TREND FILTER,"Will a candidate from another party win Wisconsin Presidential Election?",0.4126,0.3937,4.81,PASS,3.19,WIN,0.4951,20.00,market-close
TREND FILTER,"Will a candidate from another party win Wisconsin Presidential Election?",0.5463,0.5072,7.71,PASS,3.13,LOSS,0.4808,-12.00,stop-loss
TREND FILTER,"Will a Democrat win Wisconsin Presidential Election?",0.7063,0.5852,20.70,PASS,1.52,WIN,0.8476,20.00,market-close
TREND FILTER,"Will a Republican win Wisconsin Presidential Election?",0.6026,0.5161,16.77,PASS,2.50,LOSS,0.4942,-18.00,market-close
TREND FILTER,"Will a Republican win Wisconsin Presidential Election?",0.7094,0.6198,14.45,PASS,1.63,WIN,0.8513,20.00,market-close
TREND FILTER,"Will a Republican win Wisconsin Presidential Election?",0.5310,0.5097,4.17,PASS,3.16,LOSS,0.4673,-12.00,stop-loss
TREND FILTER,"Will a candidate from another party win West Virginia Presidential Election?",0.4492,0.4007,12.12,PASS,2.69,WIN,0.5390,20.00,market-close
TREND FILTER,"Will a Democrat win West Virginia Presidential Election?",0.5964,0.4483,33.05,PASS,2.38,WIN,0.7157,20.00,market-close
TREND FILTER,"Will a Republican win West Virginia Presidential Election?",0.4775,0.3040,57.04,PASS,2.75,WIN,0.5730,20.00,market-close
TREND FILTER,"Will a Republican win West Virginia Presidential Election?",0.5643,0.5096,10.72,PASS,1.71,WIN,0.6771,20.00,target-hit
TREND FILTER,"Will a Republican win West Virginia Presidential Election?",0.5102,0.5038,1.26,PASS,3.05,LOSS,0.4489,-12.00,stop-loss
TREND FILTER,"Will a Democrat win Washington Presidential Election?",0.4841,0.4409,9.80,PASS,3.39,WIN,0.5810,20.00,market-close
TREND FILTER,"Will a candidate from another party win Washington Presidential Election?",0.4207,0.3299,27.54,PASS,2.70,WIN,0.5049,20.00,target-hit
TREND FILTER,"Will a Republican win Washington Presidential Election?",0.5204,0.3897,33.54,PASS,2.91,WIN,0.6245,20.00,market-close
TREND FILTER,"Will a Republican win Washington Presidential Election?",0.7075,0.6028,17.37,PASS,1.56,WIN,0.8490,20.00,target-hit
TREND FILTER,"Will a Democrat win Virginia Presidential Election?",0.4878,0.4081,19.53,PASS,3.11,WIN,0.5854,20.00,market-close
TREND FILTER,"Will a Democrat win Virginia Presidential Election?",0.6067,0.6054,0.21,PASS,2.14,LOSS,0.5339,-12.00,stop-loss
TREND FILTER,"Will a Democrat win Virginia Presidential Election?",0.5542,0.5395,2.72,PASS,1.62,WIN,0.6650,20.00,market-close
TREND FILTER,"Will a Democrat win Virginia Presidential Election?",0.5218,0.4642,12.39,PASS,2.64,LOSS,0.4591,-12.00,stop-loss
TREND FILTER,"Will a Republican win Virginia Presidential Election?",0.4449,0.3830,16.16,PASS,3.42,WIN,0.5339,20.00,market-close
TREND FILTER,"Will a Republican win Virginia Presidential Election?",0.6036,0.5390,11.98,PASS,2.72,LOSS,0.5311,-12.00,stop-loss
TREND FILTER,"Will a Republican win Virginia Presidential Election?",0.6894,0.5325,29.47,PASS,1.60,WIN,0.8273,20.00,market-close
TREND FILTER,"Will a candidate from another party win Virginia Presidential Election?",0.4969,0.3420,45.29,PASS,3.05,WIN,0.5963,20.00,market-close
TREND FILTER,"Will Trump win the Missouri Caucus by between 50-60% of the vote?",0.5962,0.4257,40.04,PASS,2.08,WIN,0.7154,20.00,target-hit
TREND FILTER,"Will a Democrat win Vermont Presidential Election?",0.5384,0.3037,77.29,PASS,2.65,WIN,0.6461,20.00,market-close
TREND FILTER,"Will a Democrat win Vermont Presidential Election?",0.6801,0.5096,33.47,PASS,1.66,WIN,0.8162,20.00,market-close
TREND FILTER,"Will a Democrat win Vermont Presidential Election?",0.3542,0.3401,4.17,PASS,1.48,LOSS,0.2905,-18.00,market-close
TREND FILTER,"Will a Democrat win Vermont Presidential Election?",0.5286,0.4995,5.83,PASS,2.55,LOSS,0.4652,-12.00,stop-loss
TREND FILTER,"Will a Republican win Vermont Presidential Election?",0.4951,0.3549,39.51,PASS,2.81,WIN,0.5941,20.00,market-close
TREND FILTER,"Will a Republican win Vermont Presidential Election?",0.5947,0.5114,16.29,PASS,2.78,LOSS,0.5233,-12.00,stop-loss
TREND FILTER,"Will a Republican win Vermont Presidential Election?",0.6113,0.5711,7.04,PASS,1.52,WIN,0.7336,20.00,market-close
TREND FILTER,"Will a Republican win Vermont Presidential Election?",0.3877,0.3519,10.18,PASS,3.28,WIN,0.4652,20.00,market-close
TREND FILTER,"Will a Republican win Vermont Presidential Election?",0.5267,0.4911,7.25,PASS,2.82,LOSS,0.4635,-12.00,stop-loss
TREND FILTER,"Will a candidate from another party win Vermont Presidential Election?",0.4270,0.4141,3.11,PASS,3.42,WIN,0.5124,20.00,target-hit
TREND FILTER,"Will a candidate from another party win Vermont Presidential Election?",0.6528,0.5450,19.77,PASS,1.61,WIN,0.7833,20.00,market-close